date,ASX200,GOLD,HY_CREDIT,NASDAQ,RUSSELL,SP500,TREASURY,VIX
2021-05-18,7066.0,175.0399932861328,67.3376693725586,13217.6796875,2210.8798828125,4127.830078125,100.43596649169922,21.34000015258789
2021-05-19,6931.7001953125,175.16000366210938,67.1593246459961,13237.91015625,2193.639892578125,4115.68017578125,100.13652801513672,22.18000030517578
2021-05-20,7019.60009765625,175.9600067138672,67.44622802734375,13494.08984375,2207.760009765625,4159.1201171875,100.55043029785156,20.670000076293945
2021-05-21,7030.2998046875,176.0399932861328,67.54702758789062,13411.740234375,2215.27001953125,4155.85986328125,100.585693359375,20.149999618530273
2021-05-24,7045.89990234375,176.35000610351562,67.62459564208984,13641.75,2227.340087890625,4197.0498046875,100.68253326416016,18.399999618530273
2021-05-25,7115.2001953125,177.9499969482422,67.63232421875,13657.73046875,2205.75,4188.1298828125,101.0524673461914,18.84000015258789
2021-05-26,7092.5,177.63999938964844,67.65560150146484,13702.740234375,2249.27001953125,4195.990234375,100.93798828125,17.360000610351562
2021-05-27,7094.89990234375,177.7100067138672,67.62459564208984,13657.849609375,2273.070068359375,4200.8798828125,100.7618179321289,16.739999771118164
2021-05-28,7179.5,178.3800048828125,67.60133361816406,13686.509765625,2268.969970703125,4204.10986328125,100.75299072265625,16.760000228881836
2021-05-31,7161.60009765625,,,,,,,
2021-06-01,7142.60009765625,177.89999389648438,67.80438995361328,13654.58984375,2294.739990234375,4202.0400390625,100.7344970703125,17.899999618530273
2021-06-02,7217.7998046875,178.77000427246094,67.88995361328125,13675.7900390625,2297.830078125,4208.1201171875,100.8490982055664,17.479999542236328
2021-06-03,7260.10009765625,175.27000427246094,67.74992370605469,13529.6796875,2279.25,4192.85009765625,100.5935287475586,18.040000915527344
2021-06-04,7295.39990234375,177.16000366210938,67.89773559570312,13770.76953125,2286.409912109375,4229.89013671875,101.14874267578125,16.420000076293945
2021-06-07,7281.89990234375,177.8699951171875,67.92110443115234,13802.8896484375,2319.179931640625,4226.52001953125,101.06939697265625,16.420000076293945
2021-06-08,7292.60009765625,177.32000732421875,67.96775817871094,13810.8603515625,2343.760009765625,4227.259765625,101.36023712158203,17.06999969482422
2021-06-09,7270.2001953125,176.97999572753906,68.02222442626953,13814.9404296875,2327.1298828125,4219.5498046875,101.67750549316406,17.889999389648438
2021-06-10,7302.5,177.74000549316406,68.146728515625,13960.349609375,2311.409912109375,4239.18017578125,102.03885650634766,16.100000381469727
2021-06-11,7312.2998046875,175.74000549316406,68.17005157470703,13998.2998046875,2335.81005859375,4247.43994140625,101.88905334472656,15.649999618530273
2021-06-14,,174.7100067138672,68.10780334472656,14128.2001953125,2326.14990234375,4255.14990234375,101.5717544555664,16.389999389648438
2021-06-15,7379.5,174.0500030517578,68.10002136230469,14030.41015625,2320.070068359375,4246.58984375,101.58940124511719,17.020000457763672
2021-06-16,7386.2001953125,171.11000061035156,68.00668334960938,13983.009765625,2314.68994140625,4223.7001953125,100.89313507080078,18.149999618530273
2021-06-17,7359.0,165.85000610351562,68.0533447265625,14163.8095703125,2287.4599609375,4221.85986328125,101.25447082519531,17.75
2021-06-18,7368.89990234375,164.92999267578125,68.02222442626953,14049.580078125,2237.75,4166.4501953125,101.82732391357422,20.700000762939453
2021-06-21,7235.2998046875,166.9499969482422,68.15446472167969,14137.23046875,2286.090087890625,4224.7900390625,101.50125122070312,17.889999389648438
2021-06-22,7342.2001953125,166.25,68.201171875,14270.419921875,2295.949951171875,4246.43994140625,101.68633270263672,16.65999984741211
2021-06-23,7298.5,166.13999938964844,68.13111877441406,14274.240234375,2303.469970703125,4241.83984375,101.48365020751953,16.31999969482422
2021-06-24,7275.2998046875,166.0399932861328,68.34123229980469,14365.9599609375,2333.6201171875,4266.490234375,101.46601104736328,15.970000267028809
2021-06-25,7308.0,166.58999633789062,68.41121673583984,14345.1796875,2334.39990234375,4280.7001953125,101.25447082519531,15.619999885559082
2021-06-28,7307.2998046875,166.5800018310547,68.40345764160156,14524.98046875,2322.340087890625,4290.60986328125,101.5717544555664,15.760000228881836
2021-06-29,7301.2001953125,164.8300018310547,68.48905181884766,14572.75,2308.840087890625,4291.7998046875,101.62460327148438,16.020000457763672
2021-06-30,7313.0,165.6300048828125,68.496826171875,14554.7998046875,2310.550048828125,4297.5,101.78327941894531,15.829999923706055
2021-07-01,7265.60009765625,166.1999969482422,68.63111877441406,14560.0498046875,2329.360107421875,4319.93994140625,101.71005249023438,15.479999542236328
2021-07-02,7308.60009765625,167.2899932861328,68.7403793334961,14727.6298828125,2305.760009765625,4352.33984375,102.08045959472656,15.069999694824219
2021-07-05,7315.0,,,,,,,
2021-07-06,7261.7998046875,168.1199951171875,68.70136260986328,14786.3603515625,2274.5,4343.5400390625,102.6184310913086,16.440000534057617
2021-07-07,7326.89990234375,168.75999450683594,68.72473907470703,14810.5400390625,2252.85009765625,4358.1298828125,102.91828155517578,16.200000762939453
2021-07-08,7341.39990234375,168.64999389648438,68.57645416259766,14722.1396484375,2231.679931640625,4320.81982421875,103.18285369873047,19.0
2021-07-09,7251.7998046875,169.2100067138672,68.69356536865234,14826.08984375,2280.0,4369.5498046875,102.66253662109375,16.18000030517578
2021-07-12,7333.5,169.0,68.67011260986328,14877.8896484375,2281.820068359375,4384.6298828125,102.60960388183594,16.170000076293945
2021-07-13,7332.10009765625,169.22000122070312,68.46717071533203,14874.5400390625,2238.860107421875,4369.2099609375,102.29215240478516,17.1200008392334
2021-07-14,7354.7001953125,171.0399932861328,68.57645416259766,14900.4404296875,2202.360107421875,4374.2998046875,102.73309326171875,16.329999923706055
2021-07-15,7335.89990234375,171.07000732421875,68.52960968017578,14794.6904296875,2190.2900390625,4360.02978515625,103.16522216796875,17.010000228881836
2021-07-16,7348.10009765625,169.41000366210938,68.43592834472656,14681.3798828125,2163.239990234375,4327.16015625,103.14757537841797,18.450000762939453
2021-07-19,7286.0,169.61000061035156,67.97537231445312,14549.08984375,2130.679931640625,4258.490234375,104.02947998046875,22.5
2021-07-20,7252.2001953125,169.38999938964844,68.3188247680664,14728.2099609375,2194.300048828125,4323.06005859375,103.8971939086914,19.729999542236328
2021-07-21,7308.7001953125,168.75999450683594,68.48278045654297,14842.6298828125,2234.0400390625,4358.68994140625,103.2975082397461,17.90999984741211
2021-07-22,7386.39990234375,169.08999633789062,68.52181243896484,14940.169921875,2199.47998046875,4367.47998046875,103.53561401367188,17.690000534057617
2021-07-23,7394.39990234375,168.55999755859375,68.65450286865234,15111.7900390625,2209.64990234375,4411.7900390625,103.37688446044922,17.200000762939453
2021-07-26,7394.2998046875,168.16000366210938,68.55301666259766,15125.9501953125,2216.919921875,4422.2998046875,103.3062973022461,17.579999923706055
2021-07-27,7431.39990234375,168.44000244140625,68.45933532714844,14956.9697265625,2191.830078125,4401.4599609375,103.74728393554688,19.360000610351562
2021-07-28,7379.2998046875,169.2899932861328,68.51399230957031,15018.099609375,2224.9599609375,4400.64013671875,103.83547973632812,18.309999465942383
2021-07-29,7417.39990234375,171.1699981689453,68.66230010986328,15048.3603515625,2240.030029296875,4419.14990234375,103.51798248291016,17.700000762939453
2021-07-30,7392.60009765625,169.82000732421875,68.56864166259766,14959.900390625,2226.25,4395.259765625,103.80899047851562,18.239999771118164
2021-08-02,7491.39990234375,169.61000061035156,68.39867401123047,14963.6201171875,2215.5,4387.16015625,104.26436614990234,19.459999084472656
2021-08-03,7474.5,169.49000549316406,68.47700500488281,15061.419921875,2223.580078125,4423.14990234375,104.29083251953125,18.040000915527344
2021-08-04,7503.2001953125,169.52999877929688,68.35169982910156,15083.3896484375,2196.320068359375,4402.66015625,104.26436614990234,17.969999313354492
2021-08-05,7511.10009765625,168.86000061035156,68.50833892822266,15181.6396484375,2236.010009765625,4429.10009765625,103.88488006591797,17.280000686645508
2021-08-06,7538.39990234375,164.63999938964844,68.43002319335938,15109.3603515625,2247.760009765625,4436.52001953125,103.27596282958984,16.149999618530273
2021-08-09,7538.39990234375,161.72000122070312,68.27340698242188,15133.1103515625,2234.81005859375,4432.35009765625,103.05535888671875,16.719999313354492
2021-08-10,7562.60009765625,161.77000427246094,68.11676788330078,15053.580078125,2239.360107421875,4436.75,102.86124420166016,16.790000915527344
2021-08-11,7584.2998046875,164.0,68.22639465332031,15027.759765625,2250.340087890625,4442.41015625,102.97594451904297,16.170000076293945
2021-08-12,7588.2001953125,164.0399932861328,68.34388732910156,15088.98046875,2244.070068359375,4460.830078125,102.87004089355469,15.59000015258789
2021-08-13,7628.89990234375,166.38999938964844,68.49269104003906,15136.6796875,2223.110107421875,4468.0,103.46131134033203,15.449999809265137
2021-08-16,7582.5,167.22000122070312,68.51615905761719,15140.76953125,2209.47998046875,4479.7099609375,103.69076538085938,16.1200008392334
2021-08-17,7511.0,166.97000122070312,68.35954284667969,15002.830078125,2177.169921875,4448.080078125,103.6378402709961,17.90999984741211
2021-08-18,7502.10009765625,167.10000610351562,68.20293426513672,14857.919921875,2158.780029296875,4400.27001953125,103.58485412597656,21.56999969482422
2021-08-19,7464.60009765625,166.61000061035156,68.19507598876953,14933.9404296875,2132.419921875,4405.7998046875,103.81430053710938,21.670000076293945
2021-08-20,7460.89990234375,166.6999969482422,68.35954284667969,15092.5703125,2167.60009765625,4441.669921875,103.71721649169922,18.559999465942383
2021-08-23,7489.89990234375,168.72999572753906,68.57099914550781,15312.8203125,2208.300048828125,4479.52978515625,103.74370574951172,17.149999618530273
2021-08-24,7503.0,168.64999389648438,68.66495513916016,15357.6796875,2230.909912109375,4486.22998046875,103.46131134033203,17.219999313354492
2021-08-25,7531.89990234375,167.47999572753906,68.73543548583984,15368.919921875,2239.27001953125,4496.18994140625,103.05535888671875,16.790000915527344
2021-08-26,7491.2001953125,167.6699981689453,68.69630432128906,15278.51953125,2213.97998046875,4470.0,103.05535888671875,18.84000015258789
2021-08-27,7488.2998046875,170.19000244140625,68.88423156738281,15432.9501953125,2277.14990234375,4509.3701171875,103.39071655273438,16.389999389648438
2021-08-30,7504.5,169.35000610351562,68.97039794921875,15605.08984375,2265.989990234375,4528.7900390625,103.59368133544922,16.190000534057617
2021-08-31,7534.89990234375,169.69000244140625,68.98606872558594,15582.509765625,2273.77001953125,4522.68017578125,103.39952087402344,16.479999542236328
2021-09-01,7527.10009765625,169.6999969482422,69.04495239257812,15611.5703125,2287.06005859375,4524.08984375,103.44367980957031,16.110000610351562
2021-09-02,7485.7001953125,169.25,69.13140106201172,15604.25,2304.02001953125,4536.9501953125,103.56735229492188,16.40999984741211
2021-09-03,7522.89990234375,171.05999755859375,69.13924407958984,15652.8603515625,2292.050048828125,4535.43017578125,103.32005310058594,16.40999984741211
2021-09-06,7528.5,,,,,,,
2021-09-07,7530.2998046875,167.7100067138672,68.95854949951172,15675.759765625,2275.610107421875,4520.02978515625,102.91384887695312,18.139999389648438
2021-09-08,7512.0,167.2899932861328,69.037109375,15620.849609375,2249.72998046875,4514.06982421875,103.19641876220703,17.959999084472656
2021-09-09,7369.5,168.02999877929688,69.0999526977539,15561.0498046875,2249.1298828125,4493.27978515625,103.48785400390625,18.799999237060547
2021-09-10,7406.60009765625,167.17999267578125,68.99781036376953,15440.75,2227.550048828125,4458.580078125,103.16108703613281,20.950000762939453
2021-09-13,7425.2001953125,167.74000549316406,69.170654296875,15434.5,2240.780029296875,4468.72998046875,103.28473663330078,19.3700008392334
2021-09-14,7437.2998046875,168.82000732421875,69.13924407958984,15382.900390625,2209.97998046875,4443.0498046875,103.67330169677734,19.459999084472656
2021-09-15,7417.0,167.8300018310547,69.2413558959961,15503.5302734375,2234.449951171875,4480.7001953125,103.49669647216797,18.18000030517578
2021-09-16,7460.2001953125,164.02999877929688,69.21780395507812,15515.91015625,2232.909912109375,4473.75,103.16996765136719,18.690000534057617
2021-09-17,7403.7001953125,163.77000427246094,69.13140106201172,15333.4697265625,2236.8701171875,4432.990234375,102.86969757080078,20.809999465942383
2021-09-20,7248.2001953125,164.94000244140625,68.88784790039062,15012.1904296875,2182.199951171875,4357.72998046875,103.39073944091797,25.709999084472656
2021-09-21,7273.7998046875,166.0399932861328,69.00569152832031,15027.76953125,2186.179931640625,4354.18994140625,103.32888793945312,24.360000610351562
2021-09-22,7296.89990234375,165.4199981689453,69.13140106201172,15176.509765625,2218.56005859375,4395.64013671875,103.42603302001953,20.8700008392334
2021-09-23,7370.2001953125,163.50999450683594,69.16278076171875,15316.580078125,2259.0400390625,4448.97998046875,102.48997497558594,18.6299991607666
2021-09-24,7342.60009765625,163.3000030517578,69.0606918334961,15329.6796875,2248.070068359375,4455.47998046875,102.18089294433594,17.75
2021-09-27,7384.2001953125,163.63999938964844,68.99781036376953,15204.8203125,2281.0,4443.10986328125,101.90715026855469,18.760000228881836
2021-09-28,7275.60009765625,162.0500030517578,68.68360900878906,14770.2998046875,2229.780029296875,4352.6298828125,101.51859283447266,23.25
2021-09-29,7196.7001953125,161.32000732421875,68.809326171875,14752.8896484375,2225.31005859375,4359.4599609375,101.62455749511719,22.559999465942383
2021-09-30,7332.2001953125,164.22000122070312,68.7307357788086,14689.6201171875,2204.3701171875,4307.5400390625,101.7481689453125,23.139999389648438
2021-10-01,7185.5,164.58999633789062,68.89546203613281,14791.8701171875,2241.6298828125,4357.0400390625,102.1635513305664,21.100000381469727
2021-10-04,7278.5,165.36000061035156,68.65113830566406,14472.1201171875,2217.469970703125,4300.4599609375,102.039794921875,22.959999084472656
2021-10-05,7248.39990234375,164.58999633789062,68.61956787109375,14674.150390625,2228.360107421875,4345.72021484375,101.72167205810547,21.299999237060547
2021-10-06,7206.5,165.02999877929688,68.58015441894531,14766.75,2214.9599609375,4363.5498046875,101.74817657470703,21.0
2021-10-07,7256.7001953125,164.16000366210938,68.58805847167969,14897.1298828125,2250.090087890625,4399.759765625,101.34169006347656,19.540000915527344
2021-10-08,7320.10009765625,164.22999572753906,68.3831558227539,14820.75,2233.090087890625,4391.33984375,101.12077331542969,18.770000457763672
2021-10-11,7299.7998046875,163.9199981689453,68.1703109741211,14713.73046875,2220.639892578125,4361.18994140625,100.87336730957031,20.0
2021-10-12,7280.7001953125,164.66000366210938,68.29643249511719,14662.1103515625,2234.27001953125,4350.64990234375,101.33285522460938,19.850000381469727
2021-10-13,7272.5,167.58999633789062,68.47771453857422,14774.599609375,2241.969970703125,4363.7998046875,101.52726745605469,18.639999389648438
2021-10-14,7311.7001953125,168.0,68.86394500732422,15052.419921875,2274.179931640625,4438.259765625,101.7658462524414,16.860000610351562
2021-10-15,7362.0,165.3300018310547,68.74571228027344,15146.919921875,2265.64990234375,4471.3701171875,101.26214599609375,16.299999237060547
2021-10-18,7381.10009765625,164.9199981689453,68.71418762207031,15300.8896484375,2267.840087890625,4486.4599609375,101.12077331542969,16.309999465942383
2021-10-19,7374.89990234375,165.4499969482422,68.76150512695312,15410.7197265625,2275.909912109375,4519.6298828125,100.75843811035156,15.699999809265137
2021-10-20,7413.7001953125,166.89999389648438,68.78510284423828,15388.7099609375,2289.77001953125,4536.18994140625,100.71426391601562,15.489999771118164
2021-10-21,7415.39990234375,166.75,68.6117172241211,15489.58984375,2296.179931640625,4549.77978515625,100.44912719726562,15.010000228881836
2021-10-22,7415.5,167.77000427246094,68.44619750976562,15355.0703125,2291.27001953125,4544.89990234375,100.7054214477539,15.430000305175781
2021-10-25,7441.0,168.92999267578125,68.56442260742188,15514.1904296875,2312.639892578125,4566.47998046875,100.82914733886719,15.239999771118164
2021-10-26,7443.39990234375,167.67999267578125,68.58015441894531,15559.490234375,2296.080078125,4574.7900390625,100.95286560058594,15.979999542236328
2021-10-27,7448.7001953125,168.1199951171875,68.52503967285156,15598.3896484375,2252.489990234375,4551.68017578125,101.51842498779297,16.979999542236328
2021-10-28,7430.39990234375,168.0800018310547,68.69841766357422,15778.16015625,2297.97998046875,4596.419921875,101.25330352783203,16.530000686645508
2021-10-29,7323.7001953125,166.64999389648438,68.51714324951172,15850.4697265625,2297.18994140625,4605.3798828125,101.29749298095703,16.260000228881836
2021-11-01,7370.7998046875,167.52000427246094,68.4435806274414,15905.2802734375,2358.1201171875,4613.669921875,101.28955078125,16.40999984741211
2021-11-02,7324.2998046875,167.16000366210938,68.60962677001953,15972.490234375,2361.860107421875,4630.64990234375,101.53715515136719,16.030000686645508
2021-11-03,7392.7001953125,165.77000427246094,68.74408721923828,16144.5,2404.280029296875,4660.56982421875,101.21882629394531,15.100000381469727
2021-11-04,7428.0,167.64999389648438,68.92591857910156,16346.240234375,2402.429931640625,4680.06005859375,101.76705169677734,15.4399995803833
2021-11-05,7456.89990234375,169.83999633789062,69.1868667602539,16359.3798828125,2437.080078125,4697.52978515625,102.32416534423828,16.479999542236328
2021-11-08,7452.2001953125,170.4499969482422,69.09988403320312,16336.0302734375,2442.739990234375,4701.7001953125,101.8820571899414,17.219999313354492
2021-11-09,7434.2001953125,171.2899932861328,69.15526580810547,16219.9404296875,2427.2900390625,4685.25,102.35070037841797,17.780000686645508
2021-11-10,7423.89990234375,173.14999389648438,68.76778411865234,15985.5703125,2389.580078125,4646.7099609375,101.4752426147461,18.729999542236328
2021-11-11,7381.89990234375,174.1199951171875,68.64917755126953,16032.4697265625,2409.139892578125,4649.27001953125,101.1480484008789,17.65999984741211
2021-11-12,7443.0,174.4499969482422,68.67288970947266,16199.8896484375,2411.780029296875,4682.85009765625,101.36027526855469,16.290000915527344
2021-11-15,7470.10009765625,174.17999267578125,68.59381103515625,16189.1201171875,2400.929931640625,4682.7998046875,100.96234893798828,16.489999771118164
2021-11-16,7420.39990234375,172.9199981689453,68.6254653930664,16309.76953125,2405.02001953125,4700.89990234375,100.87391662597656,16.3700008392334
2021-11-17,7369.89990234375,174.5,68.55428314208984,16308.0703125,2377.010009765625,4688.669921875,101.23649597167969,17.110000610351562
2021-11-18,7379.2001953125,173.94000244140625,68.49893188476562,16482.970703125,2363.590087890625,4704.5400390625,101.29839324951172,17.59000015258789
2021-11-19,7396.5,172.61000061035156,68.4435806274414,16573.33984375,2343.159912109375,4697.9599609375,101.57254028320312,17.90999984741211
2021-11-22,7353.10009765625,168.74000549316406,68.18266296386719,16380.98046875,2331.35009765625,4682.93994140625,100.82968139648438,19.170000076293945
2021-11-23,7410.60009765625,167.27999877929688,68.0877914428711,16306.7197265625,2327.860107421875,4690.7001953125,100.4140625,19.3799991607666
2021-11-24,7399.39990234375,167.1199951171875,68.07194519042969,16367.8095703125,2331.4599609375,4701.4599609375,100.72356414794922,18.579999923706055
2021-11-25,7407.2998046875,,,,,,,
2021-11-26,7279.2998046875,166.85000610351562,67.58174133300781,16025.580078125,2245.93994140625,4594.6201171875,102.02352905273438,28.6200008392334
2021-11-29,7239.7998046875,166.6199951171875,68.00079345703125,16399.240234375,2241.97998046875,4655.27001953125,101.7936019897461,22.959999084472656
2021-11-30,7256.0,165.5,67.71614074707031,16135.919921875,2198.909912109375,4567.0,102.40381622314453,27.190000534057617
2021-12-01,7235.89990234375,166.16000366210938,67.72563171386719,15877.7197265625,2147.419921875,4513.0400390625,102.59672546386719,31.1200008392334
2021-12-02,7225.2001953125,165.24000549316406,68.22543334960938,15990.759765625,2206.330078125,4577.10009765625,102.3754653930664,27.950000762939453
2021-12-03,7241.2001953125,166.6300048828125,68.22543334960938,15712.0400390625,2159.31005859375,4538.43017578125,102.97725677490234,30.670000076293945
2021-12-06,7245.10009765625,166.22000122070312,68.52689361572266,15846.16015625,2203.47998046875,4591.669921875,102.4639663696289,27.18000030517578
2021-12-07,7313.89990234375,166.80999755859375,68.89183807373047,16325.66015625,2253.7900390625,4686.75,102.07457733154297,21.889999389648438
2021-12-08,7405.39990234375,166.89999389648438,68.8759536743164,16394.33984375,2271.7099609375,4701.2099609375,101.74710083007812,19.899999618530273
2021-12-09,7384.5,165.8800048828125,68.56656646728516,16149.5703125,2220.2099609375,4667.4501953125,102.00375366210938,21.579999923706055
2021-12-10,7353.5,166.5800018310547,68.72525787353516,16331.98046875,2211.81005859375,4712.02001953125,102.07457733154297,18.690000534057617
2021-12-13,7379.2998046875,167.0,68.72525787353516,16082.5498046875,2180.5,4668.97021484375,102.56130981445312,20.309999465942383
2021-12-14,7378.39990234375,165.44000244140625,68.60625457763672,15914.900390625,2159.64990234375,4634.08984375,102.38430786132812,21.889999389648438
2021-12-15,7327.10009765625,166.14999389648438,68.86803436279297,16289.58984375,2195.2099609375,4709.85009765625,102.23385620117188,19.290000915527344
2021-12-16,7295.7001953125,168.16000366210938,68.81710052490234,15863.9404296875,2152.4599609375,4668.669921875,102.53147888183594,20.56999969482422
2021-12-17,7304.0,167.8000030517578,68.75341033935547,15801.4599609375,2173.929931640625,4620.64013671875,102.76183319091797,21.56999969482422
2021-12-20,7292.2001953125,167.08999633789062,68.63399505615234,15627.6396484375,2139.8701171875,4568.02001953125,102.67323303222656,22.8700008392334
2021-12-21,7355.0,167.02000427246094,69.00018310546875,15986.2802734375,2202.949951171875,4649.22998046875,102.2657470703125,21.010000228881836
2021-12-22,7364.7998046875,168.58999633789062,69.18328094482422,16180.1396484375,2221.89990234375,4696.56005859375,102.36320495605469,18.6299991607666
2021-12-23,7387.60009765625,168.97000122070312,69.38225555419922,16308.2099609375,2241.580078125,4725.7900390625,102.15060424804688,17.959999084472656
2021-12-24,7420.2998046875,,,,,,,
2021-12-27,,169.3699951171875,69.45390319824219,16567.5,2261.4599609375,4791.18994140625,102.1860580444336,17.68000030517578
2021-12-28,,168.63999938964844,69.42207336425781,16488.66015625,2246.510009765625,4786.35009765625,102.16832733154297,17.540000915527344
2021-12-29,7509.7998046875,168.58999633789062,69.31063842773438,16491.009765625,2249.239990234375,4793.06005859375,101.64569091796875,16.950000762939453
2021-12-30,7513.39990234375,169.8000030517578,69.27880096435547,16429.099609375,2248.7900390625,4778.72998046875,101.98231506347656,17.329999923706055
2021-12-31,7444.60009765625,170.9600067138672,69.26289367675781,16320.080078125,2245.31005859375,4766.18017578125,101.86714172363281,17.219999313354492
2022-01-03,,168.3300018310547,69.2310562133789,16501.76953125,2272.56005859375,4796.56005859375,100.91934967041016,16.600000381469727
2022-01-04,7589.7998046875,169.57000732421875,69.05590057373047,16279.73046875,2268.8701171875,4793.5400390625,100.86621856689453,16.90999984741211
2022-01-05,7565.7998046875,169.05999755859375,68.52257537841797,15771.7802734375,2194.0,4700.580078125,100.44100952148438,19.729999542236328
2022-01-06,7358.2998046875,166.99000549316406,68.530517578125,15765.3603515625,2206.3701171875,4696.0498046875,100.19300079345703,19.610000610351562
2022-01-07,7453.2998046875,167.75,68.35540008544922,15592.1904296875,2179.81005859375,4677.02978515625,99.865234375,18.760000228881836
2022-01-10,7447.10009765625,168.25999450683594,68.41108703613281,15614.4296875,2171.14990234375,4670.2900390625,99.83866119384766,19.399999618530273
2022-01-11,7390.10009765625,170.2899932861328,68.72955322265625,15844.1201171875,2194.0,4713.06982421875,100.07785034179688,18.40999984741211
2022-01-12,7438.89990234375,170.74000549316406,68.84095764160156,15905.099609375,2176.06005859375,4726.35009765625,100.09555053710938,17.6200008392334
2022-01-13,7474.39990234375,170.16000366210938,68.59419250488281,15495.6201171875,2159.43994140625,4659.02978515625,100.41442108154297,20.309999465942383
2022-01-14,7393.89990234375,169.6699981689453,68.530517578125,15611.58984375,2162.4599609375,4662.85009765625,99.72350311279297,19.190000534057617
2022-01-17,7417.2998046875,,,,,,,
2022-01-18,7408.7998046875,169.38999938964844,68.19618225097656,15210.759765625,2096.22998046875,4577.10986328125,98.9706039428711,22.790000915527344
2022-01-19,7332.5,172.0800018310547,68.1324691772461,15047.83984375,2062.780029296875,4532.759765625,99.20970916748047,23.850000381469727
2022-01-20,7342.39990234375,171.64999389648438,68.0051498413086,14846.4599609375,2024.0400390625,4482.72998046875,99.42232513427734,25.59000015258789
2022-01-21,7175.7998046875,171.08999633789062,68.0130844116211,14438.400390625,1987.9200439453125,4397.93994140625,99.99810791015625,28.850000381469727
2022-01-24,7139.5,172.02999877929688,67.94148254394531,14509.580078125,2033.510009765625,4410.1298828125,99.9095458984375,29.899999618530273
2022-01-25,6961.60009765625,172.5800018310547,67.74243927001953,14149.1201171875,2004.030029296875,4356.4501953125,99.77664947509766,31.15999984741211
2022-01-26,,169.7899932861328,67.51161193847656,14172.759765625,1976.4599609375,4349.93017578125,99.06800079345703,31.959999084472656
2022-01-27,6838.2998046875,167.60000610351562,67.21707916259766,14003.1103515625,1931.2900390625,4326.509765625,99.48434448242188,30.489999771118164
2022-01-28,6988.10009765625,167.10000610351562,67.4081039428711,14454.6103515625,1968.510009765625,4431.85009765625,99.71465301513672,27.65999984741211
2022-01-31,6971.60009765625,168.08999633789062,67.42401885986328,14930.0498046875,2028.449951171875,4515.5498046875,99.71465301513672,24.829999923706055
2022-02-01,7006.0,168.22999572753906,67.6916732788086,15019.6796875,2050.739990234375,4546.5400390625,99.57988739013672,21.959999084472656
2022-02-02,7087.7001953125,168.83999633789062,67.79550170898438,15139.740234375,2029.52001953125,4589.3798828125,99.78382110595703,22.09000015258789
2022-02-03,7078.0,168.60000610351562,67.18836212158203,14501.1103515625,1991.030029296875,4477.43994140625,99.35820007324219,24.350000381469727
2022-02-04,7120.2001953125,168.86000061035156,66.92472076416016,14694.349609375,2002.3599853515625,4500.52978515625,98.5956802368164,23.219999313354492
2022-02-07,7110.7998046875,170.11000061035156,66.87677764892578,14571.25,2012.5999755859375,4483.8701171875,98.62229919433594,22.860000610351562
2022-02-08,7186.7001953125,170.6300048828125,66.80488586425781,14747.0302734375,2045.3699951171875,4521.5400390625,98.30308532714844,21.440000534057617
2022-02-09,7268.2998046875,171.2100067138672,67.15637969970703,15056.9599609375,2083.5,4587.18017578125,98.43608093261719,19.959999084472656
2022-02-10,7288.5,170.55999755859375,66.26960754394531,14705.6396484375,2051.159912109375,4504.080078125,97.53170013427734,23.90999984741211
2022-02-11,7217.2998046875,173.80999755859375,66.03792572021484,14253.83984375,2030.1500244140625,4418.64013671875,98.54248046875,27.360000610351562
2022-02-14,7243.89990234375,174.74000549316406,65.92607116699219,14268.58984375,2020.7900390625,4401.669921875,97.85975646972656,28.329999923706055
2022-02-15,7206.89990234375,173.0800018310547,66.03792572021484,14620.8203125,2076.4599609375,4471.06982421875,97.56717681884766,25.700000762939453
2022-02-16,7284.89990234375,174.86000061035156,66.40544128417969,14603.6396484375,2079.31005859375,4475.009765625,97.7710952758789,24.290000915527344
2022-02-17,7296.2001953125,177.25,66.12581634521484,14171.740234375,2028.0899658203125,4380.259765625,98.29423522949219,28.110000610351562
2022-02-18,7221.7001953125,177.1199951171875,66.2216796875,14009.5400390625,2009.3299560546875,4348.8701171875,98.6134033203125,27.75
2022-02-21,7233.60009765625,,,,,,,
2022-02-22,7161.2998046875,177.49000549316406,66.06987762451172,13870.5302734375,1980.1700439453125,4304.759765625,98.60455322265625,28.809999465942383
2022-02-23,7205.7001953125,178.2899932861328,65.95002746582031,13509.4296875,1944.0899658203125,4225.5,98.09028625488281,31.020000457763672
2022-02-24,6990.60009765625,177.13999938964844,66.42140197753906,13974.669921875,1996.010009765625,4288.7001953125,98.32080841064453,30.31999969482422
2022-02-25,6997.7998046875,176.5500030517578,66.79689025878906,14189.16015625,2040.9300537109375,4384.64990234375,98.29423522949219,27.59000015258789
2022-02-28,7049.10009765625,178.3800048828125,66.84484100341797,14237.8095703125,2048.090087890625,4373.93994140625,99.41143798828125,30.149999618530273
2022-03-01,7096.5,181.6199951171875,66.65801239013672,14005.990234375,2008.510009765625,4306.259765625,100.37962341308594,33.31999969482422
2022-03-02,7116.7001953125,179.72999572753906,66.81837463378906,14243.6904296875,2058.8701171875,4386.5400390625,98.8709487915039,30.739999771118164
2022-03-03,7151.39990234375,180.8000030517578,66.6178970336914,14035.2099609375,2032.4100341796875,4363.490234375,99.29692840576172,30.479999542236328
2022-03-04,7110.7998046875,183.67999267578125,66.1849136352539,13837.830078125,2000.9000244140625,4328.8701171875,100.28201293945312,31.979999542236328
2022-03-07,7038.60009765625,186.41000366210938,65.60757446289062,13319.3798828125,1951.3299560546875,4201.08984375,99.85601043701172,36.45000076293945
2022-03-08,6980.2998046875,191.50999450683594,65.37503814697266,13267.6103515625,1963.010009765625,4170.7001953125,99.20819091796875,35.130001068115234
2022-03-09,7053.0,185.82000732421875,65.92031860351562,13742.2001953125,2016.2900390625,4277.8798828125,98.59583282470703,32.45000076293945
2022-03-10,7130.7998046875,186.39999389648438,65.36701965332031,13591.0,2011.6700439453125,4259.52001953125,98.14323425292969,30.229999542236328
2022-03-11,7063.60009765625,185.08999633789062,64.89390563964844,13301.830078125,1979.6700439453125,4204.31005859375,98.11662292480469,30.75
2022-03-14,7149.39990234375,182.3000030517578,64.12413787841797,13046.6396484375,1941.719970703125,4173.10986328125,96.8741683959961,31.770000457763672
2022-03-15,7097.39990234375,178.88999938964844,64.60525512695312,13458.5595703125,1968.969970703125,4262.4501953125,96.82981872558594,29.829999923706055
2022-03-16,7175.2001953125,180.00999450683594,65.51136016845703,13956.7900390625,2030.719970703125,4357.85986328125,96.69668579101562,26.670000076293945
2022-03-17,7250.7998046875,180.88999938964844,65.96038818359375,14118.599609375,2065.02001953125,4411.669921875,96.51033020019531,25.670000076293945
2022-03-18,7294.39990234375,179.3000030517578,66.17691040039062,14420.080078125,2086.139892578125,4463.1201171875,96.79430389404297,23.8700008392334
2022-03-21,7278.5,180.6699981689453,65.41515350341797,14376.08984375,2065.93994140625,4461.18017578125,95.53414154052734,23.530000686645508
2022-03-22,7341.10009765625,179.36000061035156,65.75189971923828,14654.330078125,2088.340087890625,4511.60986328125,95.01050567626953,22.940000534057617
2022-03-23,7377.89990234375,181.80999755859375,65.54341125488281,14447.5498046875,2052.2099609375,4456.240234375,95.64945220947266,23.56999969482422
2022-03-24,7387.10009765625,183.1300048828125,65.67974090576172,14765.6904296875,2075.43994140625,4520.16015625,95.11705017089844,21.670000076293945
2022-03-25,7406.2001953125,182.3800048828125,65.20665740966797,14754.3095703125,2077.97998046875,4543.06005859375,94.1408462524414,20.809999465942383
2022-03-28,7412.39990234375,179.05999755859375,65.6156005859375,14987.400390625,2078.06005859375,4575.52001953125,94.35383605957031,19.6299991607666
2022-03-29,7464.2998046875,179.13999938964844,66.42546081542969,15239.3203125,2133.10009765625,4631.60009765625,94.8241958618164,18.899999618530273
2022-03-30,7514.5,180.5800018310547,66.22499084472656,15071.5498046875,2091.070068359375,4602.4501953125,95.1968994140625,19.329999923706055
2022-03-31,7499.60009765625,180.64999389648438,65.98443603515625,14838.490234375,2070.1298828125,4530.41015625,95.37440490722656,20.559999465942383
2022-04-01,7493.7998046875,179.5,65.97962951660156,14861.2099609375,2091.110107421875,4545.85986328125,94.75337982177734,19.6299991607666
2022-04-04,7513.7001953125,180.3699951171875,66.47879791259766,15159.580078125,2095.43994140625,4582.64013671875,94.69120788574219,18.56999969482422
2022-04-05,7527.89990234375,179.24000549316406,65.6173095703125,14820.6396484375,2046.0400390625,4525.1201171875,93.56283569335938,21.030000686645508
2022-04-06,7490.10009765625,179.66000366210938,65.10205078125,14498.8896484375,2016.93994140625,4481.14990234375,93.23412322998047,22.100000381469727
2022-04-07,7442.7998046875,180.33999633789062,64.99736022949219,14531.8095703125,2009.800048828125,4500.2099609375,93.00310516357422,21.549999237060547
2022-04-08,7478.0,181.47000122070312,64.60284423828125,14327.259765625,1994.56005859375,4488.27978515625,92.53221893310547,21.15999984741211
2022-04-11,7485.2001953125,182.3699951171875,64.16004943847656,13990.2099609375,1980.3199462890625,4412.52978515625,92.08799743652344,24.3700008392334
2022-04-12,7454.0,183.77000427246094,64.65119171142578,13940.240234375,1986.93994140625,4397.4501953125,92.53221893310547,24.260000228881836
2022-04-13,7479.0,184.64999389648438,65.03761291503906,14217.2900390625,2025.0999755859375,4446.58984375,92.736572265625,21.81999969482422
2022-04-14,7523.39990234375,184.0399932861328,64.60284423828125,13893.2099609375,2004.97998046875,4392.58984375,91.90143585205078,22.700000762939453
2022-04-18,,184.61000061035156,64.49818420410156,13910.759765625,1990.1300048828125,4391.68994140625,91.63488006591797,22.170000076293945
2022-04-19,7565.2001953125,181.82000732421875,64.44182586669922,14210.259765625,2030.77001953125,4462.2099609375,91.03074645996094,21.3700008392334
2022-04-20,7569.2001953125,182.7100067138672,64.64310455322266,13998.5302734375,2038.18994140625,4459.4501953125,91.74151611328125,20.31999969482422
2022-04-21,7592.7998046875,182.05999755859375,64.20027160644531,13720.4501953125,1991.4599609375,4393.66015625,91.235107421875,22.68000030517578
2022-04-22,7473.2998046875,180.2899932861328,63.8138427734375,13356.8701171875,1940.6600341796875,4271.77978515625,91.27951049804688,28.209999084472656
2022-04-25,,177.0500030517578,64.35327911376953,13533.2197265625,1954.199951171875,4296.1201171875,91.86587524414062,27.020000457763672
2022-04-26,7318.0,177.32000732421875,63.974849700927734,13009.7099609375,1890.469970703125,4175.2001953125,92.47892761230469,33.52000045776367
2022-04-27,7261.2001953125,175.97999572753906,63.660850524902344,13003.3603515625,1884.0400390625,4183.9599609375,91.96361541748047,31.600000381469727
2022-04-28,7356.89990234375,176.92999267578125,64.01512908935547,13456.0595703125,1917.93994140625,4287.5,91.83035278320312,29.989999771118164
2022-04-29,7435.0,176.91000366210938,63.22611999511719,12854.7998046875,1864.0999755859375,4131.93017578125,91.34172821044922,33.400001525878906
2022-05-02,7347.0,173.6300048828125,63.23014450073242,13075.849609375,1882.9100341796875,4155.3798828125,90.6612319946289,32.34000015258789
2022-05-03,7316.2001953125,174.08999633789062,63.56150817871094,13089.900390625,1898.8599853515625,4175.47998046875,90.76795959472656,29.25
2022-05-04,7304.7001953125,175.8000030517578,64.2081069946289,13535.7099609375,1949.9200439453125,4300.169921875,91.35506439208984,25.420000076293945
2022-05-05,7364.7001953125,175.1300048828125,63.0684928894043,12850.5498046875,1871.1500244140625,4146.8701171875,90.43882751464844,31.200000762939453
2022-05-06,7205.60009765625,175.4199981689453,62.71287536621094,12693.5302734375,1839.56005859375,4123.33984375,89.92290496826172,30.190000534057617
2022-05-09,7120.7001953125,172.8800048828125,62.05009078979492,12187.7197265625,1762.0799560546875,3991.239990234375,90.59004211425781,34.75
2022-05-10,7051.2001953125,171.4199981689453,62.40571975708008,12345.8603515625,1761.7900390625,4001.050048828125,90.89249420166016,32.9900016784668
2022-05-11,7064.7001953125,172.82000732421875,62.033912658691406,11967.5595703125,1718.1400146484375,3935.179931640625,91.45291900634766,32.560001373291016
2022-05-12,6941.0,170.1699981689453,62.00967788696289,11945.5,1739.3800048828125,3930.080078125,91.75535583496094,31.770000457763672
2022-05-13,7075.10009765625,168.7899932861328,62.08240509033203,12387.400390625,1792.6700439453125,4023.889892578125,91.27499389648438,28.8700008392334
2022-05-16,7093.0,170.39999389648438,61.993499755859375,12243.580078125,1783.4300537109375,4008.010009765625,91.65751647949219,27.469999313354492
2022-05-17,7112.5,169.3300018310547,61.93693161010742,12564.099609375,1840.300048828125,4088.85009765625,90.96367645263672,26.100000381469727
2022-05-18,7182.7001953125,169.4199981689453,61.4277229309082,11928.3095703125,1774.8499755859375,3923.679931640625,91.61299896240234,30.959999084472656
2022-05-19,7064.5,171.91000366210938,61.839927673339844,11875.6298828125,1776.219970703125,3900.7900390625,91.94215393066406,29.350000381469727
2022-05-20,7145.60009765625,172.02999877929688,61.799522399902344,11835.6201171875,1773.27001953125,3901.360107421875,92.36913299560547,29.43000030517578
2022-05-23,7148.89990234375,172.8300018310547,62.0420036315918,12034.2802734375,1792.760009765625,3973.75,91.80870819091797,28.479999542236328
2022-05-24,7128.7998046875,174.1300048828125,62.413795471191406,11769.83984375,1764.8299560546875,3941.47998046875,92.60038757324219,29.450000762939453
2022-05-25,7155.2001953125,173.0800018310547,63.359458923339844,11943.9296875,1799.1600341796875,3978.72998046875,92.78721618652344,28.3700008392334
2022-05-26,7105.89990234375,172.75999450683594,64.24046325683594,12276.7900390625,1838.239990234375,4057.840087890625,92.74272155761719,27.5
2022-05-27,7182.7001953125,172.85000610351562,64.8143081665039,12681.419921875,1887.9000244140625,4158.240234375,92.87616729736328,25.719999313354492
2022-05-30,7286.60009765625,,,,,,,
2022-05-31,7211.2001953125,171.13999938964844,64.25662994384766,12642.099609375,1864.0400390625,4132.14990234375,91.90657806396484,26.190000534057617
2022-06-01,7234.0,172.22999572753906,64.0188980102539,12548.3603515625,1854.8199462890625,4101.22998046875,91.38909149169922,25.690000534057617
2022-06-02,7175.89990234375,174.35000610351562,64.2866439819336,12892.8896484375,1897.6700439453125,4176.81982421875,91.52269744873047,24.719999313354492
2022-06-03,7238.7998046875,172.5800018310547,63.80791091918945,12548.0302734375,1883.050048828125,4108.5400390625,91.34457397460938,24.790000915527344
2022-06-06,7206.2998046875,171.82000732421875,63.3292350769043,12599.6298828125,1889.8900146484375,4121.43017578125,90.65877532958984,25.06999969482422
2022-06-07,7095.7001953125,172.94000244140625,63.475257873535156,12711.6796875,1919.56005859375,4160.68017578125,91.02392578125,24.020000457763672
2022-06-08,7121.10009765625,172.77999877929688,62.93165588378906,12615.1298828125,1891.010009765625,4115.77001953125,90.68547058105469,23.959999084472656
2022-06-09,7019.7001953125,172.22999572753906,62.42855453491211,12269.7802734375,1850.8599853515625,4017.820068359375,90.60531616210938,26.09000015258789
2022-06-10,6932.0,174.5399932861328,61.36562728881836,11832.8203125,1800.280029296875,3900.860107421875,89.71468353271484,27.75
2022-06-13,,169.92999267578125,59.312808990478516,11288.3203125,1714.5899658203125,3749.6298828125,88.12043762207031,34.02000045776367
2022-06-14,6686.0,168.57000732421875,59.702266693115234,11311.6904296875,1707.8299560546875,3735.47998046875,87.41680908203125,32.689998626708984
2022-06-15,6601.0,170.77000427246094,60.862571716308594,11593.76953125,1731.1400146484375,3789.989990234375,88.63699340820312,29.6200008392334
2022-06-16,6591.10009765625,172.69000244140625,59.897010803222656,11127.5703125,1649.8399658203125,3666.77001953125,89.21592712402344,32.95000076293945
2022-06-17,6474.7998046875,171.27000427246094,60.08365249633789,11265.990234375,1665.68994140625,3674.840087890625,89.24262237548828,31.1299991607666
2022-06-20,6433.39990234375,,,,,,,
2022-06-21,6523.7998046875,170.6300048828125,60.04306411743164,11546.759765625,1694.030029296875,3764.7900390625,88.77950286865234,30.190000534057617
2022-06-22,6508.5,171.30999755859375,60.026851654052734,11527.7099609375,1690.280029296875,3759.889892578125,89.9017105102539,28.950000762939453
2022-06-23,6528.39990234375,170.25999450683594,60.4568977355957,11697.6796875,1711.6700439453125,3795.72998046875,90.40939331054688,29.049999237060547
2022-06-24,6578.7001953125,170.08999633789062,60.88692092895508,12105.849609375,1765.739990234375,3911.739990234375,90.08877563476562,27.229999542236328
2022-06-27,6706.0,169.89999389648438,60.513675689697266,12008.240234375,1771.739990234375,3900.110107421875,89.58111572265625,26.950000762939453
2022-06-28,6763.60009765625,169.6199951171875,59.84833908081055,11637.76953125,1738.8399658203125,3821.550048828125,89.69686126708984,28.360000610351562
2022-06-29,6700.2001953125,169.49000549316406,59.759090423583984,11658.259765625,1719.3699951171875,3818.830078125,90.41828918457031,28.15999984741211
2022-06-30,6568.10009765625,168.4600067138672,59.726619720458984,11503.7197265625,1707.989990234375,3785.3798828125,91.11302947998047,28.709999084472656
2022-07-01,6539.89990234375,168.32000732421875,60.29633331298828,11585.6796875,1727.760009765625,3825.330078125,92.0897445678711,26.700000762939453
2022-07-04,6612.60009765625,,,,,,,
2022-07-05,6629.2998046875,164.75,60.239288330078125,11779.900390625,1741.3299560546875,3831.389892578125,92.42869567871094,27.540000915527344
2022-07-06,6594.5,162.13999938964844,60.011070251464844,11852.58984375,1727.550048828125,3845.080078125,91.64374542236328,26.729999542236328
2022-07-07,6648.0,162.22999572753906,60.98912811279297,12109.0498046875,1769.5999755859375,3902.6201171875,91.08177185058594,26.079999923706055
2022-07-08,6678.0,162.3000030517578,61.03801727294922,12125.6904296875,1769.3599853515625,3899.3798828125,90.52873229980469,24.639999389648438
2022-07-11,6602.2001953125,161.42999267578125,60.6956787109375,11860.2802734375,1732.010009765625,3854.429931640625,91.24234771728516,26.170000076293945
2022-07-12,6606.2998046875,160.8300018310547,60.940216064453125,11744.990234375,1728.1800537109375,3818.800048828125,91.45641326904297,27.290000915527344
2022-07-13,6621.60009765625,161.60000610351562,60.8750114440918,11728.5302734375,1726.0400390625,3801.780029296875,91.84886932373047,26.81999969482422
2022-07-14,6650.60009765625,159.3300018310547,60.760902404785156,11768.400390625,1707.510009765625,3790.3798828125,91.34043884277344,26.399999618530273
2022-07-15,6605.60009765625,159.00999450683594,61.535186767578125,11983.6201171875,1744.3699951171875,3863.159912109375,91.65266418457031,24.229999542236328
2022-07-18,6687.10009765625,159.16000366210938,60.940216064453125,11877.5,1738.4200439453125,3830.85009765625,91.38505554199219,25.299999237060547
2022-07-19,6649.60009765625,159.5399932861328,61.747093200683594,12249.419921875,1799.3199462890625,3936.68994140625,90.96582794189453,24.5
2022-07-20,6759.2001953125,158.0399932861328,62.01605987548828,12439.6796875,1827.949951171875,3959.89990234375,90.87663269042969,23.8799991607666
2022-07-21,6794.2998046875,160.27000427246094,62.74957275390625,12619.41015625,1836.68994140625,3998.949951171875,91.91136169433594,23.110000610351562
2022-07-22,6791.5,160.6699981689453,62.66809844970703,12396.4697265625,1806.8800048828125,3961.6298828125,92.96390533447266,23.030000686645508
2022-07-25,6789.89990234375,160.22999572753906,62.65178680419922,12328.41015625,1817.77001953125,3966.840087890625,92.63384246826172,23.360000610351562
2022-07-26,6807.2998046875,160.0399932861328,62.211673736572266,12086.900390625,1805.25,3921.050048828125,92.66951751708984,24.690000534057617
2022-07-27,6823.2001953125,161.6699981689453,62.89628601074219,12601.4697265625,1848.3399658203125,4023.610107421875,92.85684967041016,23.239999771118164
2022-07-28,6889.7001953125,163.63999938964844,63.540164947509766,12717.8701171875,1873.030029296875,4072.429931640625,93.77558898925781,22.329999923706055
2022-07-29,6945.2001953125,164.10000610351562,63.72764587402344,12947.9697265625,1885.22998046875,4130.2900390625,93.8113021850586,21.329999923706055
2022-08-01,6993.0,165.02999877929688,63.74728775024414,12940.7802734375,1883.31005859375,4118.6298828125,94.35991668701172,22.84000015258789
2022-08-02,6998.10009765625,164.0500030517578,63.45270919799805,12901.599609375,1882.449951171875,4091.18994140625,93.0553207397461,23.93000030517578
2022-08-03,6975.89990234375,164.4499969482422,64.00907897949219,13253.259765625,1908.9300537109375,4155.169921875,93.4395751953125,21.950000762939453
2022-08-04,6974.89990234375,167.1699981689453,64.18093872070312,13311.0400390625,1906.4599609375,4151.93994140625,93.91315460205078,21.440000534057617
2022-08-05,7015.60009765625,165.2899932861328,63.853614807128906,13207.6904296875,1921.8199462890625,4145.18994140625,92.5549545288086,21.149999618530273
2022-08-08,7020.60009765625,166.69000244140625,63.9109001159668,13159.16015625,1941.2099609375,4140.06005859375,93.10001373291016,21.290000915527344
2022-08-09,7029.7998046875,167.1999969482422,63.43633270263672,13008.169921875,1912.8900146484375,4122.47021484375,92.82300567626953,21.770000457763672
2022-08-10,6992.7001953125,166.77999877929688,64.38548278808594,13378.3203125,1969.25,4210.240234375,92.87660217285156,19.739999771118164
2022-08-11,7071.0,166.33999633789062,64.01728057861328,13291.990234375,1975.260009765625,4207.27001953125,92.26006317138672,20.200000762939453
2022-08-12,7032.5,167.8699951171875,64.59004211425781,13565.8701171875,2016.6199951171875,4280.14990234375,92.62647247314453,19.530000686645508
2022-08-15,7064.2998046875,165.7100067138672,64.4754867553711,13667.1796875,2021.3499755859375,4297.14013671875,92.92130279541016,19.950000762939453
2022-08-16,7105.39990234375,165.4199981689453,64.17274475097656,13635.2099609375,2020.530029296875,4305.2001953125,92.81410217285156,19.690000534057617
2022-08-17,7127.7001953125,164.35000610351562,63.509971618652344,13470.8603515625,1987.31005859375,4274.0400390625,92.18856811523438,19.899999618530273
2022-08-18,7112.7998046875,163.9199981689453,63.60816955566406,13505.990234375,2000.72998046875,4283.740234375,92.3672866821289,19.559999465942383
2022-08-19,7114.5,162.72000122070312,62.96177291870117,13242.900390625,1957.3499755859375,4228.47998046875,91.57202911376953,20.600000381469727
2022-08-22,7046.89990234375,161.63999938964844,62.249916076660156,12890.5400390625,1915.739990234375,4137.990234375,91.169921875,23.799999237060547
2022-08-23,6961.7998046875,162.77000427246094,62.40538024902344,12881.7900390625,1919.1400146484375,4128.72998046875,90.94654083251953,24.110000610351562
2022-08-24,6998.10009765625,163.25,62.47902297973633,12917.8603515625,1935.2900390625,4140.77001953125,90.64274597167969,22.81999969482422
2022-08-25,7048.10009765625,163.75,63.068145751953125,13143.580078125,1964.6400146484375,4199.1201171875,91.2235107421875,21.780000686645508
2022-08-26,7104.10009765625,161.75999450683594,62.02901840209961,12605.169921875,1899.8299560546875,4057.659912109375,91.11631774902344,25.559999465942383
2022-08-29,6965.5,161.86000061035156,61.791709899902344,12484.3203125,1882.93994140625,4030.610107421875,90.5980453491211,26.209999084472656
2022-08-30,6998.2998046875,160.50999450683594,61.31718063354492,12342.7001953125,1855.5899658203125,3986.159912109375,90.57123565673828,26.209999084472656
2022-08-31,6986.7998046875,159.27000427246094,60.9817008972168,12272.0302734375,1844.1199951171875,3955.0,90.19596862792969,25.8700008392334
2022-09-01,6845.60009765625,157.8699951171875,61.142860412597656,12274.6201171875,1822.8199462890625,3966.85009765625,89.47891998291016,25.559999465942383
2022-09-02,6828.7001953125,159.25999450683594,61.10175704956055,12098.4404296875,1809.75,3924.260009765625,89.98021697998047,25.469999313354492
2022-09-05,6852.2001953125,,,,,,,
2022-09-06,6826.5,158.3300018310547,60.93730163574219,12011.3095703125,1792.3199462890625,3908.18994140625,88.9776611328125,26.90999984741211
2022-09-07,6729.2998046875,159.94000244140625,61.81710433959961,12259.3896484375,1832.0,3979.8701171875,89.55951690673828,24.639999389648438
2022-09-08,6848.7001953125,158.97999572753906,62.08845901489258,12321.1904296875,1846.9100341796875,4006.179931640625,89.22827911376953,23.610000610351562
2022-09-09,6894.2001953125,159.82000732421875,62.335121154785156,12588.2900390625,1882.8499755859375,4067.360107421875,89.23725891113281,22.790000915527344
2022-09-12,6964.5,160.6300048828125,62.52425003051758,12739.7197265625,1906.0899658203125,4110.41015625,89.02243041992188,23.8700008392334
2022-09-13,7009.7001953125,158.5399932861328,61.10175704956055,12033.6201171875,1831.5699462890625,3932.68994140625,88.52112579345703,27.270000457763672
2022-09-14,6828.60009765625,157.92999267578125,61.19218444824219,12134.400390625,1838.4599609375,3946.010009765625,88.56591796875,26.15999984741211
2022-09-15,6842.89990234375,154.97999572753906,60.80574417114258,11927.490234375,1825.22998046875,3901.35009765625,88.26152801513672,26.270000457763672
2022-09-16,6739.10009765625,155.83999633789062,61.01129913330078,11861.3798828125,1798.18994140625,3873.330078125,88.33316040039062,26.299999237060547
2022-09-19,6719.89990234375,155.9600067138672,61.24152374267578,11953.26953125,1812.8399658203125,3899.889892578125,88.08250427246094,25.760000228881836
2022-09-20,6806.39990234375,155.07000732421875,60.61661148071289,11851.5400390625,1787.5,3855.929931640625,87.5364761352539,27.15999984741211
2022-09-21,6700.2001953125,155.7899932861328,60.43572998046875,11637.7900390625,1762.1600341796875,3789.929931640625,87.8855972290039,27.989999771118164
2022-09-22,,155.6999969482422,60.073909759521484,11501.650390625,1722.31005859375,3757.989990234375,86.56077575683594,27.350000381469727
2022-09-23,6574.7001953125,153.00999450683594,59.30923080444336,11311.240234375,1679.5899658203125,3693.22998046875,86.66817474365234,29.920000076293945
2022-09-26,6469.39990234375,151.22999572753906,58.610321044921875,11254.1103515625,1655.8800048828125,3655.0400390625,85.22697448730469,32.2599983215332
2022-09-27,6496.2001953125,151.5399932861328,58.48696517944336,11271.75,1662.510009765625,3647.2900390625,84.6451416015625,32.599998474121094
2022-09-28,6462.0,154.69000244140625,59.53124237060547,11493.830078125,1715.239990234375,3719.0400390625,86.55181884765625,30.18000030517578
2022-09-29,6555.0,154.66000366210938,58.97209930419922,11164.7802734375,1674.9300537109375,3640.469970703125,86.14896392822266,31.84000015258789
2022-09-30,6474.2001953125,154.6699981689453,58.70076370239258,10971.2197265625,1664.719970703125,3585.6201171875,85.92518615722656,31.6200008392334
2022-10-03,6456.89990234375,158.42999267578125,59.47007369995117,11229.73046875,1708.8699951171875,3678.429931640625,86.94497680664062,30.100000381469727
2022-10-04,6699.2998046875,160.6999969482422,60.7508544921875,11582.5400390625,1775.77001953125,3790.929931640625,87.12434387207031,29.06999969482422
2022-10-05,6815.7001953125,159.80999755859375,60.51123046875,11573.1796875,1762.68994140625,3783.280029296875,86.29922485351562,28.549999237060547
2022-10-06,6817.5,159.6300048828125,60.329444885253906,11485.5,1752.510009765625,3744.52001953125,85.82386016845703,30.520000457763672
2022-10-07,6762.7998046875,157.8800048828125,59.59400177001953,11039.4697265625,1702.1500244140625,3639.659912109375,85.40229797363281,31.360000610351562
2022-10-10,6667.7998046875,155.47999572753906,58.866878509521484,10926.9697265625,1691.9200439453125,3612.389892578125,84.90005493164062,32.45000076293945
2022-10-11,6645.0,155.16000366210938,59.048641204833984,10791.349609375,1692.9200439453125,3588.840087890625,85.11528778076172,33.630001068115234
2022-10-12,6647.5,155.99000549316406,59.147796630859375,10785.6201171875,1687.760009765625,3577.030029296875,85.3933334350586,33.56999969482422
2022-10-13,6642.60009765625,154.91000366210938,59.28001403808594,11033.580078125,1728.4100341796875,3669.909912109375,85.03458404541016,31.940000534057617
2022-10-14,6758.7998046875,152.97999572753906,59.08997344970703,10692.0595703125,1682.4000244140625,3583.070068359375,84.55924987792969,32.02000045776367
2022-10-17,6664.39990234375,153.4199981689453,59.817115783691406,11062.5302734375,1735.75,3677.949951171875,84.64891815185547,31.3700008392334
2022-10-18,6779.2001953125,153.75,60.23854446411133,11147.740234375,1755.9599609375,3719.97998046875,84.86418151855469,30.5
2022-10-19,6800.10009765625,151.69000244140625,59.66012191772461,11103.3798828125,1725.760009765625,3695.159912109375,83.97622680664062,30.760000228881836
2022-10-20,6730.7001953125,151.4499969482422,59.329593658447266,11046.7099609375,1704.3900146484375,3665.780029296875,83.34841918945312,29.979999542236328
2022-10-21,6676.7998046875,154.14999389648438,59.89975357055664,11310.330078125,1742.239990234375,3752.75,83.53677368164062,29.690000534057617
2022-10-24,6779.39990234375,153.64999389648438,59.941062927246094,11430.259765625,1748.4000244140625,3797.340087890625,83.42912292480469,29.850000381469727
2022-10-25,6798.60009765625,154.0,60.51948928833008,11669.990234375,1796.1600341796875,3859.110107421875,84.46954345703125,28.459999084472656
2022-10-26,6810.89990234375,154.97999572753906,60.68475341796875,11405.900390625,1804.3299560546875,3830.60009765625,84.90005493164062,27.280000686645508
2022-10-27,6845.10009765625,154.74000549316406,61.130985260009766,11191.6298828125,1806.3199462890625,3807.300048828125,85.50096893310547,27.389999389648438
2022-10-28,6785.7001953125,153.16000366210938,61.60197067260742,11546.2099609375,1846.9200439453125,3901.06005859375,85.06147003173828,25.75
2022-10-31,6863.5,151.91000366210938,60.676490783691406,11405.5703125,1846.8599853515625,3871.97998046875,84.67581176757812,25.8799991607666
2022-11-01,6976.89990234375,153.4600067138672,61.04145431518555,11288.9501953125,1851.3900146484375,3856.10009765625,84.66051483154297,25.809999465942383
2022-11-02,6986.7001953125,152.38999938964844,60.485679626464844,10906.33984375,1789.1400146484375,3759.68994140625,84.51670837402344,25.860000610351562
2022-11-03,6857.89990234375,151.80999755859375,60.05436706542969,10690.599609375,1779.72998046875,3719.889892578125,84.14822387695312,25.299999237060547
2022-11-04,6892.5,156.47000122070312,60.4691162109375,10857.0302734375,1799.8699951171875,3770.550048828125,83.96845245361328,24.549999237060547
2022-11-07,6933.7001953125,155.85000610351562,60.4608154296875,10977.0,1809.81005859375,3806.800048828125,83.67179870605469,24.350000381469727
2022-11-08,6958.89990234375,159.4499969482422,60.40275192260742,11059.5,1808.9300537109375,3828.110107421875,84.2291030883789,25.540000915527344
2022-11-09,6999.2998046875,158.64999389648438,59.68109893798828,10797.5498046875,1760.4000244140625,3748.570068359375,84.51670837402344,26.09000015258789
2022-11-10,6964.0,163.47999572753906,61.539154052734375,11605.9599609375,1867.9300537109375,3956.3701171875,86.41326904296875,23.530000686645508
2022-11-11,7158.0,164.55999755859375,61.75478744506836,11817.009765625,1882.739990234375,3992.929931640625,86.23347473144531,22.520000457763672
2022-11-14,7146.2998046875,164.9199981689453,61.2985954284668,11700.9404296875,1861.25,3957.25,86.0267562866211,23.729999542236328
2022-11-15,7141.60009765625,165.5,61.8377571105957,11871.150390625,1889.199951171875,3991.72998046875,86.6649169921875,24.540000915527344
2022-11-16,7122.2001953125,165.1199951171875,61.70503616333008,11699.08984375,1853.1700439453125,3958.7900390625,87.30308532714844,24.110000610351562
2022-11-17,7135.7001953125,163.9199981689453,61.439613342285156,11676.8603515625,1839.1199951171875,3946.56005859375,86.70988464355469,23.93000030517578
2022-11-18,7151.7998046875,162.7899932861328,61.572322845458984,11677.01953125,1849.72998046875,3965.340087890625,86.4042739868164,23.1200008392334
2022-11-21,7139.2998046875,161.8800048828125,61.54741287231445,11553.4501953125,1839.1400146484375,3949.93994140625,86.35034942626953,22.360000610351562
2022-11-22,7181.2998046875,162.07000732421875,61.99534225463867,11724.83984375,1860.43994140625,4003.580078125,86.84467315673828,21.290000915527344
2022-11-23,7247.39990234375,163.0800018310547,62.34373092651367,11838.7197265625,1863.52001953125,4027.260009765625,87.31208801269531,20.350000381469727
2022-11-24,7241.7998046875,,,,,,,
2022-11-25,7259.5,163.22000122070312,62.219337463378906,11756.0302734375,1869.18994140625,4026.1201171875,87.28514099121094,20.5
2022-11-28,7229.10009765625,161.92999267578125,61.56403732299805,11587.75,1830.9599609375,3963.93994140625,87.3210678100586,22.209999084472656
2022-11-29,7253.2998046875,162.72999572753906,61.829490661621094,11503.4501953125,1836.550048828125,3957.6298828125,86.95255279541016,21.889999389648438
2022-11-30,7284.2001953125,164.80999755859375,62.75847625732422,12030.0595703125,1886.5799560546875,4080.110107421875,87.73450469970703,20.579999923706055
2022-12-01,7354.39990234375,167.83999633789062,62.99089431762695,12041.8896484375,1881.6800537109375,4076.570068359375,88.69281768798828,19.84000015258789
2022-12-02,7301.5,167.25999450683594,62.9409065246582,11994.259765625,1892.8399658203125,4071.699951171875,88.87293243408203,19.059999465942383
2022-12-05,7325.60009765625,164.38999938964844,62.341148376464844,11786.7998046875,1840.219970703125,3998.840087890625,87.97232055664062,20.75
2022-12-06,7291.2998046875,164.83999633789062,62.11626052856445,11549.6904296875,1812.5799560546875,3941.260009765625,88.5126724243164,22.170000076293945
2022-12-07,7229.39990234375,166.3300018310547,62.457794189453125,11497.3896484375,1806.9000244140625,3933.919921875,89.28718566894531,22.68000030517578
2022-12-08,7175.5,166.47000122070312,62.50777816772461,11637.5,1818.2900390625,3963.510009765625,88.7828598022461,22.290000915527344
2022-12-09,7213.2001953125,167.05999755859375,62.50777816772461,11563.330078125,1796.6600341796875,3934.3798828125,88.12541198730469,22.829999923706055
2022-12-12,7180.7998046875,165.67999267578125,62.74928665161133,11706.4404296875,1818.6099853515625,3990.56005859375,87.99932861328125,25.0
2022-12-13,7203.2998046875,168.50999450683594,63.399070739746094,11834.2099609375,1832.3599853515625,4019.64990234375,88.7918472290039,22.549999237060547
2022-12-14,7251.2998046875,168.10000610351562,63.040863037109375,11740.919921875,1820.449951171875,3995.320068359375,89.03502655029297,21.139999389648438
2022-12-15,7204.7998046875,165.35000610351562,62.803062438964844,11345.2197265625,1774.6099853515625,3895.75,89.20828247070312,22.829999923706055
2022-12-16,7148.7001953125,166.7899932861328,62.468116760253906,11243.7197265625,1763.4200439453125,3852.360107421875,88.98271179199219,22.6200008392334
2022-12-19,7133.89990234375,166.32000732421875,62.14990234375,11084.58984375,1738.5799560546875,3817.659912109375,88.26080322265625,22.420000076293945
2022-12-20,7024.2998046875,169.0800018310547,61.990806579589844,11072.419921875,1748.02001953125,3821.6201171875,87.62010955810547,21.479999542236328
2022-12-21,7115.10009765625,168.8000030517578,62.51832962036133,11235.8798828125,1776.93994140625,3878.43994140625,87.72840118408203,20.06999969482422
2022-12-22,7152.5,166.75999450683594,62.13312911987305,10956.1396484375,1754.0899658203125,3822.389892578125,87.70132446289062,21.969999313354492
2022-12-23,7107.7001953125,167.25999450683594,62.292259216308594,10985.4501953125,1760.9300537109375,3844.820068359375,87.30429077148438,20.8700008392334
2022-12-27,,168.6699981689453,61.647491455078125,10822.509765625,1749.52001953125,3829.25,86.57335662841797,21.649999618530273
2022-12-28,7086.39990234375,167.91000366210938,60.8184700012207,10679.33984375,1722.02001953125,3783.219970703125,86.36580657958984,22.139999389648438
2022-12-29,7020.10009765625,168.85000610351562,61.605628967285156,10951.0498046875,1766.25,3849.280029296875,86.78994750976562,21.440000534057617
2022-12-30,7038.7001953125,169.63999938964844,61.65585708618164,10939.759765625,1761.25,3839.5,86.4289779663086,21.670000076293945
2023-01-03,6946.2001953125,171.05999755859375,61.77309036254883,10862.6396484375,1750.72998046875,3824.139892578125,87.10577392578125,22.899999618530273
2023-01-04,7059.2001953125,172.6699981689453,62.48484420776367,10914.7998046875,1772.5400390625,3852.969970703125,87.77352905273438,22.010000228881836
2023-01-05,7063.60009765625,170.52000427246094,62.359249114990234,10741.2197265625,1753.18994140625,3808.10009765625,87.64717864990234,22.459999084472656
2023-01-06,7109.60009765625,173.7100067138672,63.246849060058594,11040.349609375,1792.800048828125,3895.080078125,88.775146484375,21.1299991607666
2023-01-09,7151.2998046875,174.10000610351562,63.47294998168945,11108.4501953125,1795.9100341796875,3892.090087890625,89.000732421875,21.969999313354492
2023-01-10,7131.0,174.74000549316406,63.39760208129883,11205.7802734375,1822.6500244140625,3919.25,88.44129180908203,20.579999923706055
2023-01-11,7195.2998046875,174.6199951171875,63.816261291503906,11402.51953125,1844.050048828125,3969.610107421875,89.00975036621094,21.09000015258789
2023-01-12,7280.39990234375,176.63999938964844,64.17633819580078,11459.6103515625,1876.06005859375,3983.169921875,89.8038330078125,18.829999923706055
2023-01-13,7328.10009765625,178.75999450683594,64.17633819580078,11541.48046875,1887.030029296875,3999.090087890625,89.3255844116211,18.350000381469727
2023-01-16,7388.2001953125,,,,,,,
2023-01-17,7386.2998046875,177.58999633789062,63.958621978759766,11557.1904296875,1884.2900390625,3990.969970703125,89.04586791992188,19.360000610351562
2023-01-18,7393.39990234375,177.0800018310547,64.03401947021484,11410.2900390625,1854.3599853515625,3928.860107421875,90.25503540039062,20.34000015258789
2023-01-19,7435.2998046875,179.88999938964844,63.65718078613281,11295.669921875,1836.3499755859375,3898.85009765625,90.08356475830078,20.520000457763672
2023-01-20,7452.2001953125,179.2899932861328,63.782806396484375,11619.0302734375,1867.3399658203125,3972.610107421875,89.48798370361328,19.850000381469727
2023-01-23,7457.2998046875,179.6300048828125,63.7744255065918,11872.5400390625,1890.77001953125,4019.81005859375,89.19926452636719,19.809999465942383
2023-01-24,7490.39990234375,180.27999877929688,63.816261291503906,11846.6396484375,1885.6099853515625,4016.949951171875,89.71361541748047,19.200000762939453
2023-01-25,7468.2998046875,181.11000061035156,63.80790328979492,11814.6904296875,1890.3199462890625,4016.219970703125,89.81288146972656,19.079999923706055
2023-01-26,,179.47000122070312,63.96699142456055,12051.48046875,1903.06005859375,4060.429931640625,89.48798370361328,18.729999542236328
2023-01-27,7493.7998046875,179.22000122070312,63.7744255065918,12166.599609375,1911.4599609375,4070.56005859375,89.3526611328125,18.510000228881836
2023-01-30,7481.7001953125,178.75999450683594,63.42271423339844,11912.3896484375,1885.719970703125,4017.77001953125,89.07293701171875,19.940000534057617
2023-01-31,7476.7001953125,179.41000366210938,63.91676330566406,12101.9296875,1931.93994140625,4076.60009765625,89.52409362792969,19.399999618530273
2023-02-01,7501.7001953125,181.6699981689453,64.58824157714844,12363.099609375,1960.81005859375,4119.2099609375,90.16797637939453,17.8700008392334
2023-02-02,7511.60009765625,177.89999389648438,64.95845031738281,12803.1396484375,2001.219970703125,4179.759765625,90.13182067871094,18.729999542236328
2023-02-03,7558.10009765625,173.4600067138672,64.27688598632812,12573.3603515625,1985.530029296875,4136.47998046875,89.16419982910156,18.329999923706055
2023-02-06,7539.0,173.82000732421875,63.864601135253906,12464.509765625,1957.719970703125,4111.080078125,88.3955307006836,19.43000030517578
2023-02-07,7504.10009765625,173.97999572753906,64.091796875,12728.26953125,1972.6099853515625,4164.0,88.1784896850586,18.65999984741211
2023-02-08,7530.10009765625,174.41000366210938,63.822505950927734,12495.3798828125,1942.5999755859375,4117.85986328125,88.50408172607422,19.6299991607666
2023-02-09,7490.2998046875,173.02999877929688,63.410221099853516,12381.169921875,1915.3399658203125,4081.5,88.10614776611328,20.709999084472656
2023-02-10,7433.7001953125,173.36000061035156,62.922183990478516,12304.919921875,1918.81005859375,4090.4599609375,87.68112182617188,20.530000686645508
2023-02-13,7417.7998046875,172.47999572753906,63.08208465576172,12502.3095703125,1941.1400146484375,4137.2900390625,87.8891372680664,20.34000015258789
2023-02-14,7430.89990234375,172.61000061035156,63.09888458251953,12590.8896484375,1939.9100341796875,4136.1298828125,87.49124908447266,18.90999984741211
2023-02-15,7352.2001953125,170.88999938964844,62.99794006347656,12687.8896484375,1960.969970703125,4147.60009765625,87.22899627685547,18.229999542236328
2023-02-16,7410.2998046875,170.75,62.493064880371094,12442.48046875,1942.2099609375,4090.409912109375,86.93964385986328,20.170000076293945
2023-02-17,7346.7998046875,171.25999450683594,62.7370719909668,12358.1796875,1946.3599853515625,4079.090087890625,87.18379974365234,20.020000457763672
2023-02-20,7351.5,,,,,,,
2023-02-21,7336.2998046875,170.6199951171875,61.769432067871094,12060.2998046875,1888.2099609375,3997.340087890625,86.23426818847656,22.8700008392334
2023-02-22,7314.5,169.66000366210938,62.17334747314453,12066.26953125,1894.6800537109375,3991.050048828125,86.38800048828125,22.290000915527344
2023-02-23,7285.39990234375,169.57000732421875,62.78754425048828,12180.1396484375,1908.0899658203125,4012.320068359375,86.72257995605469,21.139999389648438
2023-02-24,7307.0,168.35000610351562,62.4089241027832,11969.650390625,1890.489990234375,3970.0400390625,86.19807434082031,21.670000076293945
2023-02-27,7224.7998046875,169.00999450683594,62.829620361328125,12057.7900390625,1896.27001953125,3982.239990234375,86.46034240722656,20.950000762939453
2023-02-28,7258.39990234375,169.77999877929688,62.711822509765625,12042.1201171875,1896.989990234375,3970.14990234375,86.5959701538086,20.700000762939453
2023-03-01,7251.60009765625,170.75999450683594,62.534061431884766,11938.5703125,1898.4300537109375,3951.389892578125,85.90367889404297,20.579999923706055
2023-03-02,7255.39990234375,170.66000366210938,62.61026382446289,12044.8701171875,1902.6600341796875,3981.35009765625,85.5502700805664,19.59000015258789
2023-03-03,7283.60009765625,172.49000549316406,63.253623962402344,12290.8095703125,1928.260009765625,4045.639892578125,86.23895263671875,18.489999771118164
2023-03-06,7328.60009765625,171.6199951171875,63.253623962402344,12302.48046875,1899.760009765625,4048.419921875,86.08489227294922,18.610000610351562
2023-03-07,7364.7001953125,168.6199951171875,62.80495834350586,12152.169921875,1878.719970703125,3986.3701171875,86.09395599365234,19.59000015258789
2023-03-08,7307.7998046875,168.5399932861328,62.5086784362793,12215.330078125,1879.47998046875,3992.010009765625,86.06678771972656,19.110000610351562
2023-03-09,7311.10009765625,170.1999969482422,62.16158676147461,11995.8798828125,1826.5899658203125,3918.320068359375,86.60142517089844,22.610000610351562
2023-03-10,7144.7001953125,173.8699951171875,62.170066833496094,11830.2802734375,1772.699951171875,3861.590087890625,88.19625854492188,24.799999237060547
2023-03-13,7108.7998046875,177.86000061035156,61.831417083740234,11923.169921875,1744.300048828125,3855.760009765625,89.26551818847656,26.520000457763672
2023-03-14,7008.89990234375,176.8300018310547,62.28010177612305,12199.7900390625,1776.8900146484375,3919.2900390625,88.42277526855469,23.729999542236328
2023-03-15,7068.89990234375,178.2100067138672,62.076927185058594,12251.3203125,1745.93994140625,3891.929931640625,89.70044708251953,26.139999389648438
2023-03-16,6965.5,178.57000732421875,62.48328399658203,12581.3896484375,1771.239990234375,3960.280029296875,88.89401245117188,22.989999771118164
2023-03-17,6994.7998046875,183.77000427246094,62.11079788208008,12519.8798828125,1725.8900146484375,3916.639892578125,89.94512176513672,25.510000228881836
2023-03-20,6898.5,183.83999633789062,61.94149398803711,12562.6103515625,1744.989990234375,3951.570068359375,89.58267974853516,24.149999618530273
2023-03-21,6955.39990234375,180.3699951171875,62.61870574951172,12741.4404296875,1777.739990234375,4002.8701171875,88.80335998535156,21.3799991607666
2023-03-22,7015.60009765625,183.44000244140625,62.677974700927734,12567.150390625,1727.3599853515625,3936.969970703125,89.9723129272461,22.260000228881836
2023-03-23,6968.60009765625,185.74000549316406,62.43246841430664,12729.23046875,1720.2900390625,3948.719970703125,90.48880767822266,22.610000610351562
2023-03-24,6955.2001953125,183.64999389648438,62.30550765991211,12767.0498046875,1734.9200439453125,3970.989990234375,90.51602935791016,21.739999771118164
2023-03-27,6962.0,181.9499969482422,62.15312957763672,12673.0703125,1753.6700439453125,3977.530029296875,89.40147399902344,20.600000381469727
2023-03-28,7034.10009765625,183.44000244140625,62.1192512512207,12610.5703125,1752.6300048828125,3971.27001953125,89.34708404541016,19.969999313354492
2023-03-29,7050.2998046875,182.52999877929688,62.89807891845703,12846.0302734375,1771.5999755859375,4027.81005859375,89.19303131103516,19.1200008392334
2023-03-30,7122.2998046875,184.17999267578125,63.27053451538086,12963.1396484375,1768.3800048828125,4050.830078125,89.32896423339844,19.020000457763672
2023-03-31,7177.7998046875,183.22000122070312,63.95626449584961,13181.349609375,1802.47998046875,4109.31005859375,89.81829833984375,18.700000762939453
2023-04-03,7223.0,184.5399932861328,63.90694808959961,13148.349609375,1802.31005859375,4124.509765625,90.24138641357422,18.549999237060547
2023-04-04,7236.0,187.97999572753906,63.71984100341797,13100.080078125,1769.6500244140625,4100.60009765625,90.82245635986328,19.0
2023-04-05,7237.2001953125,187.8300018310547,63.3626823425293,12967.2001953125,1752.1300048828125,4090.3798828125,91.20378875732422,19.079999923706055
2023-04-06,7219.0,186.49000549316406,63.64330291748047,13062.599609375,1754.4599609375,4105.02001953125,91.2310562133789,18.399999618530273
2023-04-10,,185.11000061035156,63.58378219604492,13051.23046875,1772.43994140625,4109.10986328125,90.33219146728516,18.969999313354492
2023-04-11,7309.89990234375,186.27999877929688,63.71984100341797,12964.150390625,1786.5899658203125,4108.93994140625,90.29584503173828,19.100000381469727
2023-04-12,7343.89990234375,187.19000244140625,63.70283126831055,12848.349609375,1773.699951171875,4091.949951171875,90.55917358398438,19.09000015258789
2023-04-13,7324.10009765625,189.72000122070312,64.13651275634766,13109.3896484375,1796.6800537109375,4146.22021484375,90.25955963134766,17.799999237060547
2023-04-14,7361.60009765625,186.36000061035156,64.01748657226562,13079.51953125,1781.1500244140625,4137.64013671875,89.81463623046875,17.06999969482422
2023-04-17,7381.5,185.52999877929688,63.84739685058594,13087.7099609375,1802.8399658203125,4151.31982421875,89.24263763427734,16.950000762939453
2023-04-18,7360.2001953125,186.25,63.889930725097656,13091.7900390625,1795.550048828125,4154.8701171875,89.38790130615234,16.829999923706055
2023-04-19,7365.5,185.36000061035156,63.63481140136719,13088.7099609375,1799.43994140625,4154.52001953125,89.19721221923828,16.459999084472656
2023-04-20,7362.2001953125,186.08999633789062,63.57527160644531,12985.98046875,1789.699951171875,4129.7900390625,89.71476745605469,17.170000076293945
2023-04-21,7330.39990234375,184.25,63.77086639404297,13000.76953125,1791.510009765625,4133.52001953125,89.49686431884766,16.770000457763672
2023-04-24,7322.0,184.80999755859375,63.94943618774414,12969.759765625,1788.8699951171875,4137.0400390625,89.93267822265625,16.889999389648438
2023-04-25,,185.75,63.84739685058594,12725.1103515625,1745.949951171875,4071.6298828125,90.82245635986328,18.760000228881836
2023-04-26,7316.2998046875,184.74000549316406,63.60079574584961,12806.48046875,1730.4100341796875,4055.989990234375,90.46836853027344,18.84000015258789
2023-04-27,7292.7001953125,184.75,63.81340026855469,13160.0302734375,1751.219970703125,4135.35009765625,89.8781967163086,17.030000686645508
2023-04-28,7309.2001953125,184.8000030517578,64.08551788330078,13245.990234375,1768.989990234375,4169.47998046875,90.55008697509766,15.779999732971191
2023-05-01,7334.60009765625,183.97000122070312,63.79171371459961,13231.4697265625,1769.2099609375,4167.8701171875,89.48433685302734,16.079999923706055
2023-05-02,7267.39990234375,187.52000427246094,63.731903076171875,13113.66015625,1732.1099853515625,4119.580078125,90.6492919921875,17.780000686645508
2023-05-03,7197.39990234375,189.11000061035156,63.697757720947266,13030.2099609375,1739.280029296875,4090.75,91.24085235595703,18.34000015258789
2023-05-04,7193.10009765625,190.44000244140625,63.50988006591797,12982.48046875,1718.81005859375,4061.219970703125,91.22267150878906,20.09000015258789
2023-05-05,7220.0,187.4600067138672,63.85149002075195,13259.1298828125,1759.8800048828125,4136.25,90.73121643066406,17.190000534057617
2023-05-08,7276.5,187.69000244140625,63.67215347290039,13291.6396484375,1754.469970703125,4138.1201171875,90.17601776123047,16.979999542236328
2023-05-09,7264.10009765625,189.02000427246094,63.50988006591797,13201.1103515625,1749.6800537109375,4119.169921875,90.0667953491211,17.709999084472656
2023-05-10,7255.7001953125,188.75,63.894187927246094,13347.830078125,1759.510009765625,4137.64013671875,90.74031066894531,16.940000534057617
2023-05-11,7251.89990234375,187.1300048828125,63.79171371459961,13389.7802734375,1744.7099609375,4130.6201171875,91.0770492553711,16.93000030517578
2023-05-12,7256.7001953125,186.80999755859375,63.56110382080078,13340.1796875,1740.8499755859375,4124.080078125,90.5309829711914,17.030000686645508
2023-05-15,7267.10009765625,187.2100067138672,63.54401397705078,13413.509765625,1761.550048828125,4136.27978515625,90.33073425292969,17.1200008392334
2023-05-16,7234.7001953125,184.8699951171875,63.09989547729492,13426.009765625,1736.1800537109375,4109.89990234375,90.03948211669922,17.989999771118164
2023-05-17,7199.2001953125,184.22999572753906,63.27071762084961,13589.259765625,1774.5,4158.77001953125,89.74826049804688,16.8700008392334
2023-05-18,7236.7998046875,181.83999633789062,63.30489730834961,13834.6201171875,1784.8599853515625,4198.0498046875,89.19307708740234,16.049999237060547
2023-05-19,7279.5,183.63999938964844,63.37319564819336,13803.490234375,1773.719970703125,4191.97998046875,88.85633087158203,16.809999465942383
2023-05-22,7263.2998046875,183.2100067138672,63.6550407409668,13849.740234375,1795.3800048828125,4192.6298828125,88.69249725341797,17.209999084472656
2023-05-23,7259.89990234375,183.42999267578125,63.321964263916016,13672.5400390625,1787.7099609375,4145.580078125,88.838134765625,18.530000686645508
2023-05-24,7213.7998046875,181.9499969482422,62.87784194946289,13604.48046875,1767.0,4115.240234375,88.610595703125,20.030000686645508
2023-05-25,7138.2001953125,180.1999969482422,62.83513259887695,13938.5302734375,1754.5999755859375,4151.27978515625,88.05541229248047,19.139999389648438
2023-05-26,7154.7998046875,180.9199981689453,63.219451904296875,14298.41015625,1773.02001953125,4205.4501953125,88.21925354003906,17.950000762939453
2023-05-29,7217.39990234375,,,,,,,
2023-05-30,7209.2998046875,182.0399932861328,63.49277114868164,14354.990234375,1767.2900390625,4205.52001953125,88.91092681884766,17.459999084472656
2023-05-31,7091.2998046875,182.32000732421875,63.29634094238281,14254.08984375,1749.6500244140625,4179.830078125,89.24769592285156,17.940000534057617
2023-06-01,7110.7998046875,183.75999450683594,63.67648696899414,14441.509765625,1767.93994140625,4221.02001953125,89.49581909179688,15.649999618530273
2023-06-02,7145.10009765625,181.0500030517578,64.00260162353516,14546.6396484375,1830.9100341796875,4282.3701171875,88.78422546386719,14.600000381469727
2023-06-05,7216.2998046875,182.13999938964844,63.95112228393555,14556.5,1806.7099609375,4273.7900390625,88.75685119628906,14.729999542236328
2023-06-06,7129.60009765625,182.33999633789062,64.05410766601562,14558.08984375,1855.4000244140625,4283.85009765625,88.81159210205078,13.960000038146973
2023-06-07,7118.0,180.14999389648438,63.70225524902344,14303.2900390625,1888.449951171875,4267.52001953125,88.16386413574219,13.9399995803833
2023-06-08,7099.7001953125,182.52999877929688,64.1055908203125,14484.5400390625,1880.780029296875,4293.93017578125,88.75685119628906,13.649999618530273
2023-06-09,7122.5,182.0399932861328,64.12274169921875,14528.3603515625,1865.7099609375,4298.85986328125,88.43756103515625,13.829999923706055
2023-06-12,,181.8800048828125,64.05410766601562,14784.2998046875,1873.2099609375,4338.93017578125,88.58354187011719,15.010000228881836
2023-06-13,7138.89990234375,180.5399932861328,64.13135528564453,14900.849609375,1896.3299560546875,4369.009765625,87.95405578613281,14.609999656677246
2023-06-14,7161.7001953125,180.63999938964844,64.15707397460938,15005.6904296875,1874.0999755859375,4372.58984375,88.0726547241211,13.880000114440918
2023-06-15,7175.2998046875,181.91000366210938,64.46603393554688,15185.48046875,1889.280029296875,4425.83984375,88.75685119628906,14.5
2023-06-16,7251.2001953125,181.6300048828125,64.302978515625,15083.919921875,1875.469970703125,4409.58984375,88.37368774414062,13.539999961853027
2023-06-19,7294.89990234375,,,,,,,
2023-06-20,7357.7998046875,179.75,64.13135528564453,15070.150390625,1866.699951171875,4388.7099609375,88.63825988769531,13.880000114440918
2023-06-21,7314.89990234375,179.49000549316406,63.96828842163086,14867.4501953125,1863.010009765625,4365.68994140625,88.72038269042969,13.199999809265137
2023-06-22,7195.5,177.7100067138672,63.779476165771484,15042.3203125,1848.1800537109375,4381.89013671875,88.21862030029297,12.90999984741211
2023-06-23,7099.2001953125,178.1999969482422,63.66792297363281,14891.48046875,1821.6300048828125,4348.330078125,88.58354187011719,13.4399995803833
2023-06-26,7078.7001953125,178.50999450683594,63.70225524902344,14689.01953125,1823.260009765625,4328.81982421875,88.802490234375,14.25
2023-06-27,7118.2001953125,177.69000244140625,63.91680145263672,14945.91015625,1849.9300537109375,4378.41015625,88.49230194091797,13.739999771118164
2023-06-28,7196.5,177.27999877929688,64.28581237792969,14964.5703125,1858.7099609375,4376.85986328125,88.84809112548828,13.430000305175781
2023-06-29,7194.89990234375,177.08999633789062,64.11418914794922,14939.9501953125,1881.5899658203125,4396.43994140625,87.93578338623047,13.539999961853027
2023-06-30,7203.2998046875,178.27000427246094,64.42308807373047,15179.2099609375,1888.72998046875,4450.3798828125,88.12740325927734,13.59000015258789
2023-07-03,7246.10009765625,178.47000122070312,64.32217407226562,15208.6904296875,1896.780029296875,4455.58984375,87.74514770507812,13.569999694824219
2023-07-04,7279.0,,,,,,,
2023-07-05,7253.2001953125,177.83999633789062,64.12373352050781,15203.7802734375,1872.9100341796875,4446.81982421875,87.32447052001953,14.180000305175781
2023-07-06,7163.39990234375,177.30999755859375,63.65781021118164,15089.4501953125,1842.22998046875,4411.58984375,86.61117553710938,15.4399995803833
2023-07-07,7042.2998046875,178.63999938964844,63.71820831298828,15036.849609375,1864.6600341796875,4398.9501953125,86.50141906738281,14.829999923706055
2023-07-10,7004.0,178.77999877929688,64.03743743896484,15045.6396484375,1895.25,4409.52978515625,86.94951629638672,15.069999694824219
2023-07-11,7108.89990234375,179.4499969482422,64.38256072998047,15119.0595703125,1913.3599853515625,4439.259765625,87.13243103027344,14.84000015258789
2023-07-12,7135.7001953125,181.8800048828125,64.88298797607422,15307.23046875,1933.3800048828125,4472.16015625,87.98291015625,13.539999961853027
2023-07-13,7246.89990234375,182.00999450683594,65.27124786376953,15571.98046875,1950.8900146484375,4510.0400390625,88.71451568603516,13.609999656677246
2023-07-14,7303.10009765625,181.42999267578125,64.79671478271484,15565.599609375,1931.0899658203125,4505.419921875,88.2755355834961,13.34000015258789
2023-07-17,7298.5,181.55999755859375,64.9175033569336,15713.2802734375,1951.27001953125,4522.7900390625,88.42184448242188,13.479999542236328
2023-07-18,7283.7998046875,183.63999938964844,65.09869384765625,15841.349609375,1976.0699462890625,4554.97998046875,88.52245330810547,13.300000190734863
2023-07-19,7323.7001953125,183.6699981689453,65.15045928955078,15826.349609375,1984.8900146484375,4565.72021484375,88.82423400878906,13.760000228881836
2023-07-20,7325.0,182.74000549316406,64.86573028564453,15466.08984375,1967.1600341796875,4534.8701171875,88.12006378173828,13.989999771118164
2023-07-21,7313.89990234375,182.17999267578125,65.0296859741211,15425.669921875,1960.260009765625,4536.33984375,88.19324493408203,13.600000381469727
2023-07-24,7306.39990234375,181.39999389648438,64.9175033569336,15448.01953125,1965.6800537109375,4554.64013671875,87.98291015625,13.90999984741211
2023-07-25,7339.7001953125,182.41000366210938,64.8743667602539,15561.419921875,1966.1099853515625,4567.4599609375,87.81829071044922,13.859999656677246
2023-07-26,7402.0,183.3000030517578,65.13318634033203,15499.259765625,1980.3599853515625,4566.75,88.12006378173828,13.1899995803833
2023-07-27,7455.89990234375,180.4199981689453,64.61553192138672,15464.9296875,1954.9000244140625,4537.41015625,87.15986633300781,14.40999984741211
2023-07-28,7403.60009765625,181.86000061035156,64.98652648925781,15750.9296875,1981.5400390625,4582.22998046875,87.44336700439453,13.329999923706055
2023-07-31,7410.39990234375,182.35000610351562,65.14185333251953,15757.0,2003.1800537109375,4588.9599609375,87.55308532714844,13.630000114440918
2023-08-01,7450.7001953125,180.4600067138672,64.81935119628906,15718.009765625,1994.1700439453125,4576.72998046875,87.04151916503906,13.930000305175781
2023-08-02,7354.60009765625,179.60000610351562,64.54193115234375,15370.740234375,1966.8299560546875,4513.39013671875,86.86732482910156,16.09000015258789
2023-08-03,7311.7001953125,179.5399932861328,64.33389282226562,15353.5400390625,1961.4000244140625,4501.89013671875,86.22557067871094,15.920000076293945
2023-08-04,7325.2998046875,180.19000244140625,64.71532440185547,15274.919921875,1957.4599609375,4478.02978515625,87.14237213134766,17.100000381469727
2023-08-07,7309.2001953125,179.77999877929688,64.8366928100586,15407.849609375,1958.93994140625,4518.43994140625,86.93148040771484,15.770000457763672
2023-08-08,7311.10009765625,178.63999938964844,64.97537994384766,15273.0498046875,1947.4200439453125,4499.3798828125,87.37158203125,15.989999771118164
2023-08-09,7338.0,177.7899932861328,64.98406219482422,15101.7099609375,1930.77001953125,4467.7099609375,87.42657470703125,15.960000038146973
2023-08-10,7357.39990234375,177.60000610351562,64.96672821044922,15128.83984375,1922.6199951171875,4468.830078125,86.75730895996094,15.850000381469727
2023-08-11,7340.10009765625,177.60000610351562,64.87136840820312,15028.0703125,1925.1099853515625,4464.0498046875,86.29888916015625,14.84000015258789
2023-08-14,7277.0,177.05999755859375,64.86268615722656,15205.58984375,1920.489990234375,4489.72021484375,86.16138458251953,14.819999694824219
2023-08-15,7305.0,176.58999633789062,64.65463256835938,15037.650390625,1895.75,4437.85986328125,85.996337890625,16.459999084472656
2023-08-16,7195.2001953125,175.57000732421875,64.45524597167969,14876.4697265625,1871.52001953125,4404.330078125,85.66631317138672,16.780000686645508
2023-08-17,7146.0,175.3000030517578,64.18650817871094,14715.8095703125,1850.06005859375,4370.35986328125,85.55628967285156,17.889999389648438
2023-08-18,7148.10009765625,175.3300018310547,64.2298355102539,14694.83984375,1859.4200439453125,4369.7099609375,85.81298828125,17.299999237060547
2023-08-21,7115.5,175.80999755859375,64.2125015258789,14936.6904296875,1856.010009765625,4399.77001953125,85.28126525878906,17.1299991607666
2023-08-22,7121.60009765625,176.10000610351562,64.24718475341797,14908.9599609375,1850.8399658203125,4387.5498046875,85.31792449951172,16.969999313354492
2023-08-23,7148.39990234375,177.88999938964844,64.76734924316406,15148.0595703125,1870.030029296875,4436.009765625,86.24388885498047,15.979999542236328
2023-08-24,7182.10009765625,177.85000610351562,64.41189575195312,14816.4404296875,1846.280029296875,4376.31005859375,85.9229965209961,17.200000762939453
2023-08-25,7115.2001953125,177.6199951171875,64.68065643310547,14941.830078125,1853.6300048828125,4405.7099609375,85.8954849243164,15.680000305175781
2023-08-28,7159.7998046875,178.1300048828125,64.92337036132812,15052.4599609375,1869.010009765625,4433.31005859375,86.13386535644531,15.079999923706055
2023-08-29,7210.5,179.8699951171875,65.3308334350586,15376.5498046875,1895.5400390625,4497.6298828125,86.7481460571289,14.449999809265137
2023-08-30,7297.7001953125,180.32000732421875,65.3048095703125,15462.4296875,1903.2099609375,4514.8701171875,86.73898315429688,13.880000114440918
2023-08-31,7305.2998046875,180.02000427246094,65.261474609375,15501.0703125,1899.6800537109375,4507.66015625,86.91316223144531,13.569999694824219
2023-09-01,7278.2998046875,180.11000061035156,65.38426208496094,15490.8603515625,1920.8299560546875,4515.77001953125,86.38188934326172,13.09000015258789
2023-09-04,7318.7998046875,,,,,,,
2023-09-05,7314.2998046875,178.63999938964844,64.95750427246094,15508.240234375,1880.449951171875,4496.830078125,85.85797119140625,14.010000228881836
2023-09-06,7257.10009765625,177.8300018310547,64.80072021484375,15371.4404296875,1874.280029296875,4465.47998046875,85.63736724853516,14.449999809265137
2023-09-07,7171.0,178.02000427246094,65.01847839355469,15258.51953125,1855.760009765625,4451.14013671875,85.93150329589844,14.399999618530273
2023-09-08,7156.7001953125,178.0800018310547,64.99234771728516,15280.23046875,1851.5400390625,4457.490234375,85.94988250732422,13.84000015258789
2023-09-11,7192.2998046875,178.41000366210938,65.1055679321289,15461.8701171875,1855.1400146484375,4487.4599609375,85.80282592773438,13.800000190734863
2023-09-12,7206.89990234375,177.49000549316406,65.00103759765625,15289.740234375,1855.3199462890625,4461.89990234375,85.92231750488281,14.229999542236328
2023-09-13,7153.89990234375,177.0800018310547,65.17523956298828,15348.5302734375,1840.8399658203125,4467.43994140625,86.02340698242188,13.479999542236328
2023-09-14,7186.5,177.1699981689453,65.25362396240234,15473.8896484375,1866.6300048828125,4505.10009765625,85.83040618896484,12.819999694824219
2023-09-15,7279.0,178.33999633789062,65.00975799560547,15202.400390625,1847.030029296875,4450.31982421875,85.56383514404297,13.789999961853027
2023-09-18,7230.39990234375,179.38999938964844,65.0533218383789,15225.3701171875,1834.300048828125,4453.52978515625,85.64657592773438,14.0
2023-09-19,7196.60009765625,179.22000122070312,64.85298156738281,15191.23046875,1826.530029296875,4443.9501953125,85.33406829833984,14.109999656677246
2023-09-20,7163.2998046875,179.35000610351562,64.80072021484375,14969.919921875,1810.0999755859375,4402.2001953125,85.26969909667969,15.140000343322754
2023-09-21,7065.2001953125,178.0500030517578,64.33911895751953,14694.240234375,1781.8299560546875,4330.0,84.63549041748047,17.540000915527344
2023-09-22,7068.7998046875,178.6199951171875,64.45233154296875,14701.099609375,1776.5,4320.06005859375,84.96638488769531,17.200000762939453
2023-09-25,7076.5,177.6999969482422,64.365234375,14768.900390625,1784.239990234375,4337.43994140625,84.34137725830078,16.899999618530273
2023-09-26,7038.2001953125,176.27999877929688,64.0865249633789,14545.830078125,1761.6099853515625,4273.52978515625,84.31379699707031,18.940000534057617
2023-09-27,7030.2998046875,174.10000610351562,63.99942398071289,14580.16015625,1778.9000244140625,4274.509765625,83.9369125366211,18.219999313354492
2023-09-28,7024.7998046875,173.22999572753906,64.30427551269531,14702.76953125,1794.31005859375,4299.7001953125,84.16674041748047,17.34000015258789
2023-09-29,7048.60009765625,171.4499969482422,64.20845794677734,14715.240234375,1785.0999755859375,4288.0498046875,84.18513488769531,17.520000457763672
2023-10-02,7033.2001953125,169.64999389648438,63.81884765625,14837.5703125,1756.8199462890625,4288.39013671875,83.50223541259766,17.610000610351562
2023-10-03,6943.39990234375,169.16000366210938,63.170936584472656,14565.6201171875,1727.1500244140625,4229.4501953125,82.81106567382812,19.780000686645508
2023-10-04,6890.2001953125,169.13999938964844,63.494895935058594,14776.25,1729.010009765625,4263.75,83.33636474609375,18.579999923706055
2023-10-05,6925.5,168.8300018310547,63.5561637878418,14723.2197265625,1731.510009765625,4258.18994140625,83.49301147460938,18.489999771118164
2023-10-06,6954.2001953125,169.6999969482422,63.64373016357422,14973.240234375,1745.56005859375,4308.5,83.00458526611328,17.450000762939453
2023-10-09,6970.2001953125,172.82000732421875,64.11654663085938,15047.150390625,1755.989990234375,4335.66015625,84.06438446044922,17.700000762939453
2023-10-10,7040.60009765625,172.52999877929688,64.09900665283203,15131.51953125,1775.949951171875,4358.240234375,83.89849090576172,17.030000686645508
2023-10-11,7088.39990234375,173.7899932861328,64.09026336669922,15241.1201171875,1773.300048828125,4376.9501953125,84.35929107666016,16.09000015258789
2023-10-12,7091.0,173.25999450683594,63.748775482177734,15184.099609375,1734.25,4349.60986328125,83.54830932617188,16.690000534057617
2023-10-13,7051.0,178.8300018310547,63.69626235961914,14995.1201171875,1719.7099609375,4327.77978515625,84.08280944824219,19.31999969482422
2023-10-16,7026.5,177.9600067138672,63.67875289916992,15172.73046875,1747.06005859375,4373.6298828125,83.58518981933594,17.209999084472656
2023-10-17,7056.10009765625,178.2899932861328,63.381072998046875,15122.009765625,1766.050048828125,4373.2001953125,82.76500701904297,17.8799991607666
2023-10-18,7077.60009765625,180.8699951171875,63.07461166381836,14909.259765625,1728.81005859375,4314.60009765625,82.37794494628906,19.219999313354492
2023-10-19,6981.60009765625,183.08999633789062,62.846981048583984,14783.1298828125,1702.699951171875,4278.0,81.97245788574219,21.399999618530273
2023-10-20,6900.7001953125,183.58999633789062,62.97831344604492,14560.8798828125,1680.7900390625,4224.16015625,82.45165252685547,21.709999084472656
2023-10-23,6844.10009765625,182.97000122070312,63.232215881347656,14604.849609375,1665.8800048828125,4217.0400390625,82.83870697021484,20.3700008392334
2023-10-24,6856.89990234375,182.9499969482422,63.5561637878418,14745.8603515625,1679.5,4247.68017578125,82.98616027832031,18.969999313354492
2023-10-25,6854.2998046875,183.72000122070312,63.2147102355957,14381.6396484375,1651.4300537109375,4186.77001953125,82.25813293457031,20.190000534057617
2023-10-26,6812.2998046875,184.00999450683594,63.43359375,14109.5703125,1657.0,4137.22998046875,82.88478088378906,20.68000030517578
2023-10-27,6826.89990234375,186.14999389648438,63.354827880859375,14180.419921875,1636.93994140625,4117.3701171875,83.01380157470703,21.270000457763672
2023-10-30,6772.89990234375,185.10000610351562,63.3723030090332,14335.509765625,1647.2900390625,4166.81982421875,82.7373275756836,19.75
2023-10-31,6780.7001953125,184.08999633789062,63.53868865966797,14409.7802734375,1662.280029296875,4193.7998046875,82.56224822998047,18.139999389648438
2023-11-01,6838.2998046875,183.50999450683594,64.14429473876953,14664.91015625,1669.699951171875,4237.85986328125,83.51318359375,16.8700008392334
2023-11-02,6899.7001953125,184.1199951171875,64.86610412597656,14919.5498046875,1714.2099609375,4317.77978515625,84.03069305419922,15.65999984741211
2023-11-03,6978.2001953125,184.7899932861328,65.49987030029297,15099.490234375,1760.699951171875,4358.33984375,84.67757415771484,14.90999984741211
2023-11-06,6997.39990234375,183.35000610351562,65.2358169555664,15154.9296875,1737.93994140625,4365.97998046875,84.18778991699219,14.890000343322754
2023-11-07,6977.10009765625,182.58999633789062,65.24459075927734,15296.01953125,1733.1500244140625,4378.3798828125,84.66832733154297,14.8100004196167
2023-11-08,6995.39990234375,180.77000427246094,65.27979278564453,15313.240234375,1714.0699462890625,4382.77978515625,85.01026153564453,14.449999809265137
2023-11-09,7014.89990234375,181.49000549316406,64.87488555908203,15187.900390625,1687.239990234375,4347.35009765625,84.1693115234375,15.289999961853027
2023-11-10,6976.5,179.50999450683594,65.19178009033203,15529.1201171875,1705.3199462890625,4415.240234375,84.26171875,14.170000076293945
2023-11-13,6948.7998046875,180.50999450683594,65.13015747070312,15482.7900390625,1705.5,4411.5498046875,84.21550750732422,14.760000228881836
2023-11-14,7006.7001953125,182.1199951171875,65.79034423828125,15812.4697265625,1798.3199462890625,4495.7001953125,85.48158264160156,14.15999984741211
2023-11-15,7105.89990234375,181.63999938964844,65.57908630371094,15817.1796875,1801.219970703125,4502.8798828125,84.8161849975586,14.180000305175781
2023-11-16,7058.39990234375,183.69000244140625,65.66712951660156,15833.169921875,1773.760009765625,4508.240234375,85.45384216308594,14.319999694824219
2023-11-17,7049.39990234375,183.6699981689453,65.81678009033203,15837.990234375,1797.77001953125,4514.02001953125,85.50929260253906,13.800000190734863
2023-11-20,7058.39990234375,183.3699951171875,65.88716125488281,16027.0595703125,1807.0799560546875,4547.3798828125,85.62940979003906,13.40999984741211
2023-11-21,7078.2001953125,185.35000610351562,65.9751968383789,15933.6201171875,1783.260009765625,4538.18994140625,85.74031066894531,13.350000381469727
2023-11-22,7073.39990234375,184.55999755859375,66.08963775634766,16001.3896484375,1795.5400390625,4556.6201171875,85.71259307861328,12.850000381469727
2023-11-23,7029.2001953125,,,,,,,
2023-11-24,7040.7998046875,185.52000427246094,66.01922607421875,15982.009765625,1807.5,4559.33984375,85.26901245117188,12.460000038146973
2023-11-27,6987.60009765625,186.77000427246094,66.11605072021484,15961.98046875,1801.1500244140625,4550.43017578125,85.9158935546875,12.6899995803833
2023-11-28,7015.2001953125,189.25999450683594,66.40653991699219,16010.4296875,1792.81005859375,4554.89013671875,86.29479217529297,12.6899995803833
2023-11-29,7035.2998046875,189.5399932861328,66.76741790771484,15987.599609375,1803.81005859375,4550.580078125,86.74761962890625,12.979999542236328
2023-11-30,7087.2998046875,188.75,66.64421844482422,15947.8701171875,1809.02001953125,4567.7998046875,86.322509765625,12.920000076293945
2023-12-01,7073.2001953125,192.00999450683594,67.19599151611328,15997.580078125,1862.6400146484375,4594.6298828125,87.13694763183594,12.630000114440918
2023-12-04,7124.7001953125,187.86000061035156,67.02798461914062,15839.669921875,1882.02001953125,4569.77978515625,86.77561950683594,13.079999923706055
2023-12-05,7061.60009765625,187.14999389648438,67.08988952636719,15877.7099609375,1856.0400390625,4567.18017578125,87.38716125488281,12.850000381469727
2023-12-06,7178.39990234375,187.83999633789062,67.0987319946289,15788.0498046875,1852.050048828125,4549.33984375,87.74851989746094,12.970000267028809
2023-12-07,7173.2998046875,188.14999389648438,67.21366882324219,16022.490234375,1868.25,4585.58984375,87.61881256103516,13.0600004196167
2023-12-08,7194.89990234375,185.63999938964844,67.08104705810547,16084.6904296875,1880.8199462890625,4604.3701171875,87.05358123779297,12.350000381469727
2023-12-11,7199.0,183.58999633789062,67.03682708740234,16221.73046875,1883.6800537109375,4622.43994140625,87.0628662109375,12.630000114440918
2023-12-12,7235.2998046875,183.49000549316406,67.1871566772461,16354.25,1881.27001953125,4643.7001953125,87.24817657470703,12.069999694824219
2023-12-13,7257.7998046875,187.6300048828125,68.21292114257812,16562.369140625,1947.510009765625,4707.08984375,88.5454330444336,12.1899995803833
2023-12-14,7377.89990234375,188.72999572753906,68.51416015625,16537.830078125,2000.510009765625,4719.5498046875,89.28143310546875,12.479999542236328
2023-12-15,7442.7001953125,187.0,68.36309051513672,16623.44921875,1985.1300048828125,4719.18994140625,89.20710754394531,12.279999732971191
2023-12-18,7426.39990234375,187.85000610351562,68.40750122070312,16729.80078125,1982.4200439453125,4740.56005859375,89.01193237304688,12.5600004196167
2023-12-19,7489.10009765625,189.1300048828125,68.60299682617188,16811.849609375,2020.949951171875,4768.3701171875,89.17920684814453,12.529999732971191
2023-12-20,7537.89990234375,188.10000610351562,68.61190032958984,16554.16015625,1982.8399658203125,4698.35009765625,89.61602783203125,13.670000076293945
2023-12-21,7504.10009765625,189.42999267578125,68.92293548583984,16757.41015625,2017.06005859375,4746.75,89.47659301757812,13.649999618530273
2023-12-22,7501.60009765625,190.27000427246094,68.84296417236328,16777.400390625,2033.9599609375,4754.6298828125,89.39295959472656,13.029999732971191
2023-12-26,,191.72000122070312,68.97624969482422,16878.4609375,2059.18994140625,4774.75,89.44871520996094,12.989999771118164
2023-12-27,7561.2001953125,192.58999633789062,69.26061248779297,16906.80078125,2066.2099609375,4781.580078125,90.14573669433594,12.430000305175781
2023-12-28,7614.2998046875,191.47000122070312,69.03845977783203,16898.470703125,2058.340087890625,4783.35009765625,89.80186462402344,12.470000267028809
2023-12-29,7590.7998046875,191.1699981689453,68.7718734741211,16825.9296875,2027.0699462890625,4769.830078125,89.57882690429688,12.449999809265137
2024-01-02,7627.7998046875,190.72000122070312,68.54081726074219,16543.939453125,2012.800048828125,4742.830078125,89.24425506591797,13.199999809265137
2024-01-03,7523.2001953125,189.1300048828125,68.35420227050781,16368.490234375,1959.199951171875,4704.81005859375,89.4580307006836,14.039999961853027
2024-01-04,7494.10009765625,189.32000732421875,68.08759307861328,16282.009765625,1957.72998046875,4688.68017578125,88.91899871826172,14.130000114440918
2024-01-05,7489.10009765625,189.35000610351562,68.14093780517578,16305.98046875,1951.1400146484375,4697.240234375,88.59373474121094,13.350000381469727
2024-01-08,7451.5,187.8699951171875,68.52304077148438,16649.869140625,1989.010009765625,4763.5400390625,88.89112091064453,13.079999923706055
2024-01-09,7520.5,187.92999267578125,68.62967681884766,16678.69921875,1968.0400390625,4756.5,88.85395812988281,12.760000228881836
2024-01-10,7468.5,187.5,68.75407409667969,16793.05078125,1970.260009765625,4783.4501953125,88.71456909179688,12.6899995803833
2024-01-11,7506.0,187.8699951171875,68.97624969482422,16820.900390625,1955.4599609375,4780.240234375,89.18852233886719,12.4399995803833
2024-01-12,7498.2998046875,189.7100067138672,69.04735565185547,16832.919921875,1950.9599609375,4783.830078125,89.4301528930664,12.699999809265137
2024-01-15,7496.2998046875,,,,,,,
2024-01-16,7414.7998046875,187.91000366210938,68.61190032958984,16830.7109375,1927.300048828125,4765.97998046875,88.70528411865234,13.84000015258789
2024-01-17,7393.10009765625,185.83999633789062,68.31865692138672,16736.279296875,1913.1700439453125,4739.2099609375,88.41716003417969,14.789999961853027
2024-01-18,7346.5,187.3699951171875,68.46084594726562,16982.2890625,1923.6500244140625,4780.93994140625,88.22199249267578,14.130000114440918
2024-01-19,7421.2001953125,187.92999267578125,68.57636260986328,17314.0,1944.3900146484375,4839.81005859375,88.23129272460938,13.300000190734863
2024-01-22,7476.60009765625,187.22000122070312,68.62967681884766,17330.380859375,1983.3800048828125,4850.43017578125,88.50081634521484,13.1899995803833
2024-01-23,7514.89990234375,187.9499969482422,68.54972076416016,17404.2109375,1976.27001953125,4864.60009765625,88.27776336669922,12.550000190734863
2024-01-24,7519.2001953125,186.39999389648438,68.51416015625,17499.30078125,1961.8599853515625,4868.5498046875,88.02684783935547,13.140000343322754
2024-01-25,7555.39990234375,187.13999938964844,69.03845977783203,17516.990234375,1975.8800048828125,4894.16015625,88.40786743164062,13.449999809265137
2024-01-26,,187.00999450683594,68.98512268066406,17421.009765625,1978.3299560546875,4890.97021484375,88.2498779296875,13.260000228881836
2024-01-29,7578.39990234375,188.3300018310547,69.13621520996094,17596.26953125,2011.4200439453125,4927.93017578125,88.77960968017578,13.600000381469727
2024-01-30,7600.2001953125,188.58999633789062,69.04735565185547,17476.7109375,1996.239990234375,4924.97021484375,88.90042877197266,13.3100004196167
2024-01-31,7680.7001953125,188.4499969482422,68.85184478759766,17137.240234375,1947.3399658203125,4845.64990234375,89.64388275146484,14.350000381469727
2024-02-01,7588.2001953125,190.41000366210938,69.24838256835938,17344.7109375,1974.4200439453125,4906.18994140625,90.19913482666016,13.880000114440918
2024-02-02,7699.39990234375,188.61000061035156,68.9358139038086,17642.73046875,1962.72998046875,4958.60986328125,89.02529907226562,13.850000381469727
2024-02-05,7625.89990234375,187.57000732421875,68.61430358886719,17613.0390625,1937.239990234375,4942.81005859375,88.15888214111328,13.670000076293945
2024-02-06,7581.60009765625,188.5500030517578,68.86434936523438,17572.73046875,1953.6300048828125,4954.22998046875,88.63402557373047,13.0600004196167
2024-02-07,7624.89990234375,188.5,68.98043823242188,17755.0703125,1950.3599853515625,4995.06005859375,88.47563934326172,12.829999923706055
2024-02-08,7639.2001953125,188.3300018310547,68.94470977783203,17783.169921875,1979.699951171875,4997.91015625,88.18685150146484,12.789999961853027
2024-02-09,7644.7998046875,187.60000610351562,69.08760833740234,17962.41015625,2009.989990234375,5026.60986328125,88.0284652709961,12.930000305175781
2024-02-12,7614.89990234375,187.11000061035156,68.9358139038086,17882.66015625,2045.260009765625,5021.83984375,88.11231231689453,13.930000305175781
2024-02-13,7603.60009765625,184.52999877929688,68.38209533691406,17600.419921875,1964.1700439453125,4953.169921875,87.14344024658203,15.850000381469727
2024-02-14,7547.7001953125,184.4199981689453,68.6500015258789,17807.630859375,2012.0999755859375,5000.6201171875,87.46949768066406,14.380000114440918
2024-02-15,7605.7001953125,185.66000366210938,68.89115142822266,17845.720703125,2061.47998046875,5029.72998046875,87.71173858642578,14.010000228881836
2024-02-16,7658.2998046875,186.33999633789062,68.68572998046875,17685.98046875,2045.1400146484375,5005.56982421875,87.32975006103516,14.239999771118164
2024-02-19,7665.10009765625,,,,,,,
2024-02-20,7659.0,187.47000122070312,68.8286361694336,17546.099609375,2004.1400146484375,4975.509765625,87.47880554199219,15.420000076293945
2024-02-21,7597.7998046875,187.47999572753906,68.7035903930664,17478.91015625,1994.739990234375,4981.7998046875,87.19930267333984,15.34000015258789
2024-02-22,7611.2001953125,187.55999755859375,69.0340347290039,18004.69921875,2013.8399658203125,5087.02978515625,87.20863342285156,14.539999961853027
2024-02-23,7643.60009765625,188.6199951171875,69.07868194580078,17937.609375,2016.68994140625,5088.7998046875,87.60924530029297,13.75
2024-02-26,7652.7998046875,188.1999969482422,68.85542297363281,17933.330078125,2028.969970703125,5069.52978515625,87.47880554199219,13.739999771118164
2024-02-27,7663.0,188.0,68.94470977783203,17971.05078125,2056.110107421875,5078.18017578125,87.28315734863281,13.430000305175781
2024-02-28,7660.39990234375,188.33999633789062,68.9358139038086,17874.5,2040.31005859375,5069.759765625,87.59991455078125,13.84000015258789
2024-02-29,7698.7001953125,189.30999755859375,69.0608139038086,18043.849609375,2054.840087890625,5096.27001953125,87.77692413330078,13.399999618530273
2024-03-01,7745.60009765625,192.88999938964844,69.3194808959961,18302.91015625,2076.389892578125,5137.080078125,88.17766571044922,13.109999656677246
2024-03-04,7735.7998046875,196.00999450683594,69.301513671875,18226.48046875,2074.31005859375,5130.9501953125,87.98148345947266,13.489999771118164
2024-03-05,7724.2001953125,197.19000244140625,69.24764251708984,17897.869140625,2053.7099609375,5078.64990234375,88.52324676513672,14.460000038146973
2024-03-06,7733.5,198.80999755859375,69.41829681396484,18017.5703125,2068.090087890625,5104.759765625,88.73810577392578,14.5
2024-03-07,7763.7001953125,199.94000244140625,69.49907684326172,18297.990234375,2084.739990234375,5157.35986328125,88.88755798339844,14.4399995803833
2024-03-08,7847.0,201.6300048828125,69.51708984375,18018.44921875,2082.7099609375,5123.68994140625,88.95295715332031,14.739999771118164
2024-03-11,7704.2001953125,202.0,69.50811767578125,17951.689453125,2065.8798828125,5117.93994140625,88.84085083007812,15.220000267028809
2024-03-12,7712.5,199.7899932861328,69.57096862792969,18219.109375,2065.47998046875,5175.27001953125,88.47654724121094,13.84000015258789
2024-03-13,7729.39990234375,201.19000244140625,69.59791564941406,18068.470703125,2071.7099609375,5165.31005859375,88.28041076660156,13.75
2024-03-14,7713.60009765625,200.35000610351562,69.26558685302734,18014.810546875,2031.1800537109375,5150.47998046875,87.62653350830078,14.399999618530273
2024-03-15,7670.2998046875,199.7100067138672,69.220703125,17808.25,2039.3199462890625,5117.08984375,87.47708892822266,14.40999984741211
2024-03-18,7675.7998046875,200.02999877929688,69.38237762451172,17985.009765625,2024.739990234375,5149.419921875,87.37432861328125,14.329999923706055
2024-03-19,7703.2001953125,199.8000030517578,69.66078186035156,18032.19921875,2035.7099609375,5178.509765625,87.62653350830078,13.819999694824219
2024-03-20,7695.7998046875,202.17999267578125,69.89430236816406,18240.109375,2074.8798828125,5224.6201171875,87.83202362060547,13.039999961853027
2024-03-21,7782.0,201.97000122070312,69.85836791992188,18320.380859375,2098.56005859375,5241.52978515625,87.84136962890625,12.920000076293945
2024-03-22,7770.60009765625,200.35000610351562,69.78654479980469,18339.439453125,2072.0,5234.18017578125,88.27106475830078,13.0600004196167
2024-03-25,7811.89990234375,200.99000549316406,69.67875671386719,18277.060546875,2074.159912109375,5218.18994140625,88.03752136230469,13.1899995803833
2024-03-26,7780.2001953125,201.63999938964844,69.59791564941406,18210.5390625,2070.159912109375,5203.580078125,88.16830444335938,13.239999771118164
2024-03-27,7819.60009765625,203.10000610351562,69.96617126464844,18280.83984375,2114.35009765625,5248.490234375,88.50460052490234,12.779999732971191
2024-03-28,7896.89990234375,205.72000122070312,69.81346130371094,18254.689453125,2124.550048828125,5254.35009765625,88.4205322265625,13.010000228881836
2024-04-01,,207.82000732421875,69.52909088134766,18293.19921875,2102.840087890625,5243.77001953125,87.62046813964844,13.649999618530273
2024-04-02,7887.89990234375,210.88999938964844,69.4117660522461,18121.779296875,2065.0400390625,5205.81005859375,87.43311309814453,14.609999656677246
2024-04-03,7782.5,212.74000549316406,69.46592712402344,18160.189453125,2076.199951171875,5211.490234375,87.5361557006836,14.329999923706055
2024-04-04,7817.2998046875,211.52000427246094,69.4117660522461,17878.779296875,2053.830078125,5147.2099609375,87.83595275878906,16.350000381469727
2024-04-05,7773.2998046875,215.13999938964844,69.34856414794922,18108.4609375,2063.469970703125,5204.33984375,87.25511932373047,16.030000686645508
2024-04-08,7789.10009765625,216.47999572753906,69.51107025146484,18100.189453125,2073.7099609375,5202.39013671875,87.05838012695312,15.1899995803833
2024-04-09,7824.2001953125,217.6699981689453,69.65550231933594,18169.900390625,2080.800048828125,5209.91015625,87.4050064086914,14.979999542236328
2024-04-10,7848.5,215.61000061035156,69.0416259765625,18011.66015625,2028.3900146484375,5160.64013671875,86.24335479736328,15.800000190734863
2024-04-11,7813.60009765625,219.8000030517578,68.97846221923828,18307.98046875,2042.5999755859375,5199.06005859375,86.1215591430664,14.90999984741211
2024-04-12,7788.10009765625,216.88999938964844,68.94232940673828,18003.490234375,2003.1700439453125,5123.41015625,86.47756958007812,17.309999465942383
2024-04-15,7752.5,220.9499969482422,68.54512023925781,17706.830078125,1975.7099609375,5061.81982421875,85.92481994628906,19.229999542236328
2024-04-16,7612.5,221.22000122070312,68.3194351196289,17713.66015625,1967.47998046875,5051.41015625,85.58757781982422,18.399999618530273
2024-04-17,7605.60009765625,219.58999633789062,68.40970611572266,17493.619140625,1947.949951171875,5022.2099609375,86.13093566894531,18.209999084472656
2024-04-18,7642.10009765625,220.33999633789062,68.46388244628906,17394.310546875,1942.9599609375,5011.1201171875,85.8311538696289,18.0
2024-04-19,7567.2998046875,221.02999877929688,68.59027099609375,17037.650390625,1947.6600341796875,4967.22998046875,85.94355773925781,18.709999084472656
2024-04-22,7649.2001953125,215.57000732421875,68.96940612792969,17210.890625,1967.469970703125,5010.60009765625,85.95293426513672,16.940000534057617
2024-04-23,7683.5,215.0399932861328,69.24927520751953,17471.470703125,2002.6400146484375,5070.5498046875,86.06534576416016,15.6899995803833
2024-04-24,7683.0,214.63999938964844,69.09579467773438,17526.80078125,1995.4300537109375,5071.6298828125,85.80303955078125,15.970000267028809
2024-04-25,,215.9199981689453,68.95137023925781,17430.5,1981.1199951171875,5048.419921875,85.47518157958984,15.369999885559082
2024-04-26,7575.89990234375,216.6199951171875,69.16801452636719,17718.30078125,2002.0,5099.9599609375,85.7093505859375,15.029999732971191
2024-04-29,7637.39990234375,216.17999267578125,69.37565612792969,17782.720703125,2016.030029296875,5116.169921875,86.05598449707031,14.670000076293945
2024-04-30,7664.10009765625,211.8699951171875,68.8701171875,17440.689453125,1973.9100341796875,5035.68994140625,85.65313720703125,15.649999618530273
2024-05-01,7569.89990234375,213.7899932861328,69.23312377929688,17318.55078125,1980.22998046875,5018.39013671875,85.99235534667969,15.390000343322754
2024-05-02,7587.0,213.1300048828125,69.65962982177734,17541.5390625,2016.1099853515625,5064.2001953125,86.39637756347656,14.680000305175781
2024-05-03,7629.0,212.9600067138672,69.95002746582031,17890.80078125,2035.719970703125,5127.7900390625,86.87557983398438,13.489999771118164
2024-05-06,7682.39990234375,215.1999969482422,70.03170776367188,18093.5703125,2060.669921875,5180.740234375,86.95073699951172,13.489999771118164
2024-05-07,7793.2998046875,214.2100067138672,70.04080200195312,18091.44921875,2064.64990234375,5187.7001953125,87.17623138427734,13.229999542236328
2024-05-08,7804.5,213.5800018310547,69.87743377685547,18085.009765625,2055.139892578125,5187.669921875,86.93194580078125,13.0
2024-05-09,7721.60009765625,216.9499969482422,69.89556884765625,18113.4609375,2073.6298828125,5214.080078125,87.1950454711914,12.6899995803833
2024-05-10,7749.0,218.7100067138672,69.78668975830078,18161.1796875,2059.780029296875,5222.68017578125,86.91316223144531,12.550000190734863
2024-05-13,7750.0,216.25999450683594,69.76853942871094,18198.609375,2062.1201171875,5221.419921875,87.01653289794922,13.600000381469727
2024-05-14,7726.7998046875,218.08999633789062,69.87743377685547,18322.76953125,2085.68994140625,5246.68017578125,87.27021789550781,13.420000076293945
2024-05-15,7753.7001953125,220.88999938964844,70.28581237792969,18596.650390625,2109.4599609375,5308.14990234375,87.92793273925781,12.449999809265137
2024-05-16,7881.2998046875,220.02999877929688,70.12245178222656,18557.9609375,2096.25,5297.10009765625,87.75879669189453,12.420000076293945
2024-05-17,7814.39990234375,223.66000366210938,70.13153839111328,18546.23046875,2095.719970703125,5303.27001953125,87.486328125,11.989999771118164
2024-05-20,7863.7001953125,224.55999755859375,70.1678237915039,18674.189453125,2102.5,5308.1298828125,87.35477447509766,12.149999618530273
2024-05-21,7851.7001953125,224.22999572753906,70.1133804321289,18713.80078125,2098.360107421875,5321.41015625,87.58027648925781,11.859999656677246
2024-05-22,7848.10009765625,220.11000061035156,69.9590835571289,18705.19921875,2081.7099609375,5307.009765625,87.467529296875,12.289999961853027
2024-05-23,7811.7998046875,215.72000122070312,69.7140884399414,18623.390625,2048.409912109375,5267.83984375,87.15745544433594,12.770000457763672
2024-05-24,7727.60009765625,215.9199981689453,69.9590835571289,18808.349609375,2069.669921875,5304.72021484375,87.27021789550781,11.930000305175781
2024-05-27,7788.2998046875,,,,,,,
2024-05-28,7766.7001953125,218.19000244140625,69.67778015136719,18869.439453125,2066.85009765625,5306.0400390625,86.7816162109375,12.920000076293945
2024-05-29,7665.60009765625,216.16000366210938,69.46907043457031,18736.75,2036.18994140625,5266.9501953125,86.35879516601562,14.279999732971191
2024-05-30,7628.2001953125,216.57000732421875,69.75037384033203,18538.66015625,2056.60009765625,5235.47998046875,86.791015625,14.470000267028809
2024-05-31,7701.7001953125,215.3000030517578,69.99539947509766,18536.650390625,2070.1298828125,5277.509765625,87.1950454711914,12.920000076293945
2024-06-03,7761.0,217.22000122070312,70.2124252319336,18600.970703125,2059.679931640625,5283.39990234375,87.7661361694336,13.109999656677246
2024-06-04,7737.10009765625,215.27000427246094,70.17594146728516,18654.83984375,2033.93994140625,5291.33984375,88.24677276611328,13.15999984741211
2024-06-05,7769.0,217.82000732421875,70.40386962890625,19035.05078125,2063.8701171875,5354.02978515625,88.56719970703125,12.630000114440918
2024-06-06,7821.7998046875,219.42999267578125,70.28531646728516,19021.189453125,2049.43994140625,5352.9599609375,88.52949523925781,12.579999923706055
2024-06-07,7860.0,211.60000610351562,70.10301208496094,19000.94921875,2026.550048828125,5346.990234375,87.59648895263672,12.220000267028809
2024-06-10,,213.5399932861328,70.16680908203125,19074.669921875,2031.6099853515625,5360.7900390625,87.40803527832031,12.739999771118164
2024-06-11,7755.39990234375,214.14999389648438,70.25798797607422,19210.1796875,2024.3499755859375,5375.31982421875,87.86979675292969,12.850000381469727
2024-06-12,7715.5,214.72000122070312,70.54063415527344,19465.1796875,2057.10009765625,5421.02978515625,88.35984802246094,12.039999961853027
2024-06-13,7749.7001953125,212.97000122070312,70.53150939941406,19576.919921875,2038.9100341796875,5433.740234375,88.94413757324219,11.9399995803833
2024-06-14,7724.2998046875,215.72999572753906,70.25798797607422,19659.80078125,2006.1600341796875,5431.60009765625,89.15147399902344,12.65999984741211
2024-06-17,7700.2998046875,214.61000061035156,70.3035659790039,19902.75,2022.010009765625,5473.22998046875,88.73681640625,12.75
2024-06-18,7778.10009765625,215.47000122070312,70.52238464355469,19908.859375,2025.22998046875,5487.02978515625,89.12321472167969,12.300000190734863
2024-06-19,7769.7001953125,,,,,,,
2024-06-20,7769.39990234375,218.16000366210938,70.4768295288086,19752.30078125,2017.3900146484375,5473.169921875,88.89701843261719,13.279999732971191
2024-06-21,7796.0,214.77999877929688,70.5588607788086,19700.4296875,2022.030029296875,5464.6201171875,88.91585540771484,13.199999809265137
2024-06-24,7733.7001953125,215.6300048828125,70.48593139648438,19474.619140625,2030.81005859375,5447.8701171875,88.99124908447266,13.329999923706055
2024-06-25,7838.7998046875,214.55999755859375,70.57711029052734,19701.130859375,2022.3499755859375,5469.2998046875,89.066650390625,12.84000015258789
2024-06-26,7783.0,212.5800018310547,70.42210388183594,19751.05078125,2018.1199951171875,5477.89990234375,88.52949523925781,12.550000190734863
2024-06-27,7759.60009765625,214.99000549316406,70.504150390625,19789.029296875,2038.3399658203125,5482.8701171875,88.72738647460938,12.239999771118164
2024-06-28,7767.5,215.00999450683594,70.3309326171875,19682.869140625,2047.68994140625,5460.47998046875,88.25617218017578,12.4399995803833
2024-07-01,7750.7001953125,215.57000732421875,70.31719207763672,19812.220703125,2030.0699462890625,5475.08984375,87.59919738769531,12.220000267028809
2024-07-02,7718.2001953125,215.55999755859375,70.5096664428711,20011.890625,2033.8699951171875,5509.009765625,87.93006134033203,12.029999732971191
2024-07-03,7739.89990234375,217.99000549316406,70.75711059570312,20186.630859375,2036.6199951171875,5537.02001953125,88.51614379882812,12.09000015258789
2024-07-04,7831.7998046875,,,,,,,
2024-07-05,7822.2998046875,220.92999267578125,70.9679183959961,20391.970703125,2026.72998046875,5567.18994140625,89.0076904296875,12.479999542236328
2024-07-08,7763.2001953125,218.19000244140625,70.9495849609375,20439.5390625,2038.6700439453125,5572.85009765625,89.0360336303711,12.369999885559082
2024-07-09,7829.7001953125,218.55999755859375,70.86711120605469,20453.01953125,2029.469970703125,5576.97998046875,88.91315460205078,12.510000228881836
2024-07-10,7816.7998046875,219.36000061035156,71.0320816040039,20675.380859375,2051.75,5633.91015625,88.99822235107422,12.850000381469727
2024-07-11,7889.60009765625,223.25,71.28870391845703,20211.359375,2125.0400390625,5584.5400390625,89.56539916992188,12.920000076293945
2024-07-12,7959.2998046875,223.11000061035156,71.4720230102539,20331.490234375,2148.27001953125,5615.35009765625,89.75446319580078,12.460000038146973
2024-07-15,8017.60009765625,223.8300018310547,71.48118591308594,20386.880859375,2187.02001953125,5631.22021484375,89.47087860107422,13.119999885559082
2024-07-16,7999.2998046875,228.2899932861328,71.75615692138672,20398.619140625,2263.669921875,5667.2001953125,89.8678970336914,13.1899995803833
2024-07-17,8057.89990234375,227.22999572753906,71.67366027832031,19799.140625,2239.669921875,5588.27001953125,89.9435043334961,14.479999542236328
2024-07-18,8036.5,225.77999877929688,71.52700805664062,19705.08984375,2198.2900390625,5544.58984375,89.68830108642578,15.930000305175781
2024-07-19,7971.60009765625,221.72999572753906,71.4720230102539,19522.619140625,2184.35009765625,5505.0,89.40470123291016,16.520000457763672
2024-07-22,7931.7001953125,221.8000030517578,71.73780822753906,19822.869140625,2220.64990234375,5564.41015625,89.31964111328125,14.90999984741211
2024-07-23,7971.10009765625,222.5800018310547,71.74698638916016,19754.33984375,2243.27001953125,5555.740234375,89.38579559326172,14.720000267028809
2024-07-24,7963.7001953125,221.8000030517578,71.51786041259766,19032.390625,2195.3701171875,5427.1298828125,89.1872787475586,18.040000915527344
2024-07-25,7861.2001953125,218.3300018310547,71.52700805664062,18830.580078125,2222.97998046875,5399.22021484375,89.38579559326172,18.459999084472656
2024-07-26,7921.2998046875,220.6300048828125,71.75615692138672,19023.66015625,2260.070068359375,5459.10009765625,89.8111801147461,16.389999389648438
2024-07-29,7989.60009765625,220.32000732421875,71.6919937133789,19059.490234375,2235.330078125,5463.5400390625,89.96241760253906,16.600000381469727
2024-07-30,7953.2001953125,222.52000427246094,71.72865295410156,18796.26953125,2243.139892578125,5436.43994140625,90.1514663696289,17.690000534057617
2024-07-31,8092.2998046875,226.5500030517578,71.98530578613281,19362.4296875,2254.47998046875,5522.2998046875,90.81318664550781,16.360000610351562
2024-08-01,8114.7001953125,225.77000427246094,71.82772827148438,18890.390625,2186.159912109375,5446.68017578125,91.20097351074219,18.59000015258789
2024-08-02,7943.2001953125,225.33999633789062,71.58818817138672,18440.849609375,2109.31005859375,5346.56005859375,92.61367797851562,23.389999389648438
2024-08-05,7649.60009765625,222.47999572753906,71.14595031738281,17895.16015625,2039.1600341796875,5186.330078125,92.70849609375,38.56999969482422
2024-08-06,7680.60009765625,220.6999969482422,71.41313934326172,18077.919921875,2064.300048828125,5240.02978515625,91.88363647460938,27.709999084472656
2024-08-07,7699.7998046875,220.5500030517578,71.55132293701172,17867.369140625,2035.1099853515625,5199.5,91.55176544189453,27.850000381469727
2024-08-08,7682.0,224.00999450683594,71.8461685180664,18413.8203125,2084.419921875,5319.31005859375,91.27680206298828,23.790000915527344
2024-08-09,7777.7001953125,224.55999755859375,71.83695983886719,18513.099609375,2080.919921875,5344.16015625,91.64659118652344,20.3700008392334
2024-08-12,7813.7001953125,228.41000366210938,71.88301849365234,18542.029296875,2062.080078125,5344.39013671875,91.90258026123047,20.709999084472656
2024-08-13,7826.7998046875,228.05999755859375,72.21468353271484,19006.4296875,2095.18994140625,5434.43017578125,92.31028747558594,18.1200008392334
2024-08-14,7850.7001953125,226.1999969482422,72.34368133544922,19022.6796875,2084.320068359375,5455.2099609375,92.43352508544922,16.190000534057617
2024-08-15,7865.5,226.91000366210938,72.4081802368164,19490.150390625,2135.469970703125,5543.22021484375,91.85516357421875,15.229999542236328
2024-08-16,7971.10009765625,231.99000549316406,72.63853454589844,19508.51953125,2141.919921875,5554.25,92.03531646728516,14.800000190734863
2024-08-19,7980.39990234375,231.61000061035156,72.75828552246094,19766.490234375,2167.5,5608.25,92.15858459472656,14.649999618530273
2024-08-20,7997.7001953125,232.4600067138672,72.69378662109375,19719.8203125,2142.18994140625,5597.1201171875,92.52835083007812,15.880000114440918
2024-08-21,8010.5,232.14999389648438,72.85963439941406,19824.83984375,2170.56005859375,5620.85009765625,92.71797180175781,16.270000457763672
2024-08-22,8027.0,229.3699951171875,72.76751708984375,19491.83984375,2150.030029296875,5570.64013671875,92.29132080078125,17.549999237060547
2024-08-23,8023.89990234375,232.02000427246094,73.15445709228516,19720.869140625,2218.699951171875,5634.60986328125,92.71797180175781,15.859999656677246
2024-08-26,8084.5,232.75999450683594,73.00704956054688,19516.439453125,2217.919921875,5616.83984375,92.60418701171875,16.149999618530273
2024-08-27,8071.2001953125,233.38999938964844,73.05313110351562,19581.51953125,2203.0,5625.7998046875,92.5662612915039,15.430000305175781
2024-08-28,8071.39990234375,231.75,73.01626586914062,19350.779296875,2188.639892578125,5592.18017578125,92.51888275146484,17.110000610351562
2024-08-29,8045.10009765625,232.9499969482422,73.08998107910156,19325.44921875,2202.97998046875,5591.9599609375,92.35769653320312,15.649999618530273
2024-08-30,8091.89990234375,231.2899932861328,73.09918975830078,19574.640625,2217.6298828125,5648.39990234375,92.03531646728516,15.0
2024-09-02,8109.89990234375,,,,,,,
2024-09-03,8103.2001953125,230.2899932861328,72.83998107910156,18958.740234375,2149.2099609375,5528.93017578125,92.64203643798828,20.719999313354492
2024-09-04,7950.5,230.42999267578125,73.10844421386719,18921.400390625,2145.219970703125,5520.06982421875,93.18407440185547,21.31999969482422
2024-09-05,7982.39990234375,232.35000610351562,73.35839080810547,18930.330078125,2132.050048828125,5503.41015625,93.40279388427734,19.899999618530273
2024-09-06,8013.39990234375,230.6300048828125,73.26583099365234,18421.310546875,2091.409912109375,5408.419921875,93.53592681884766,22.3799991607666
2024-09-09,7988.10009765625,231.60000610351562,73.44172668457031,18660.779296875,2097.780029296875,5471.0498046875,93.6690673828125,19.450000762939453
2024-09-10,8011.89990234375,232.6199951171875,73.3028564453125,18829.140625,2097.43994140625,5495.52001953125,94.06846618652344,19.079999923706055
2024-09-11,7987.89990234375,232.25,73.41394805908203,19237.30078125,2103.85009765625,5554.1298828125,94.00187683105469,17.690000534057617
2024-09-12,8075.7001953125,236.3300018310547,73.51580047607422,19423.0703125,2129.429931640625,5595.759765625,93.84976196289062,17.06999969482422
2024-09-13,8099.89990234375,238.67999267578125,73.71945190429688,19514.58984375,2182.489990234375,5626.02001953125,94.0304183959961,16.559999465942383
2024-09-16,8121.60009765625,238.66000366210938,73.90461730957031,19423.060546875,2189.169921875,5633.08984375,94.27767181396484,17.139999389648438
2024-09-17,8140.89990234375,237.33999633789062,73.92313385009766,19432.400390625,2205.47998046875,5634.580078125,94.10649871826172,17.610000610351562
2024-09-18,8142.10009765625,235.50999450683594,73.98793029785156,19344.490234375,2206.340087890625,5618.259765625,93.69757843017578,18.229999542236328
2024-09-19,8191.89990234375,239.1699981689453,74.21011352539062,19839.830078125,2252.7099609375,5713.64013671875,93.62150573730469,16.329999923706055
2024-09-20,8209.5,242.2100067138672,74.30270385742188,19791.490234375,2227.889892578125,5702.5498046875,93.59297943115234,16.149999618530273
2024-09-23,8152.89990234375,242.67999267578125,74.16383361816406,19852.19921875,2220.280029296875,5718.56982421875,93.53592681884766,15.890000343322754
2024-09-24,8142.0,246.07000732421875,74.173095703125,19944.83984375,2223.989990234375,5732.93017578125,93.64053344726562,15.390000343322754
2024-09-25,8126.39990234375,245.72999572753906,74.08975219726562,19972.609375,2197.449951171875,5722.259765625,93.26013946533203,15.40999984741211
2024-09-26,8203.7001953125,246.97999572753906,74.21011352539062,20115.5390625,2209.8701171875,5745.3701171875,93.19358825683594,15.369999885559082
2024-09-27,8212.2001953125,245.02000427246094,74.39527893066406,20008.619140625,2224.699951171875,5738.169921875,93.564453125,16.959999084472656
2024-09-30,8269.7998046875,243.05999755859375,74.33972930908203,20060.689453125,2229.969970703125,5762.47998046875,93.30770874023438,16.729999542236328
2024-10-01,8208.900390625,245.61000061035156,74.30252075195312,19773.30078125,2197.030029296875,5708.75,93.64722442626953,19.260000228881836
2024-10-02,8198.2001953125,245.66000366210938,74.31181335449219,19802.58984375,2195.010009765625,5709.5400390625,93.38018035888672,18.899999618530273
2024-10-03,8205.2001953125,245.49000549316406,74.13506317138672,19793.33984375,2180.14990234375,5699.93994140625,92.9033203125,20.489999771118164
2024-10-04,8150.0,245.0,74.05133819580078,20035.01953125,2212.800048828125,5751.06982421875,92.0068130493164,19.209999084472656
2024-10-07,8205.400390625,244.1699981689453,73.73502349853516,19800.740234375,2193.090087890625,5695.93994140625,91.6729965209961,22.639999389648438
2024-10-08,8176.89990234375,242.3699951171875,73.91179656982422,20107.779296875,2194.97998046875,5751.1298828125,91.7492904663086,21.420000076293945
2024-10-09,8187.39990234375,241.0500030517578,73.86528778076172,20268.859375,2200.590087890625,5792.0400390625,91.40593719482422,20.860000610351562
2024-10-10,8223.0,242.82000732421875,73.82807159423828,20241.759765625,2188.419921875,5780.0498046875,91.39640808105469,20.93000030517578
2024-10-11,8214.5,245.47000122070312,74.02342224121094,20271.970703125,2234.409912109375,5815.02978515625,91.42504119873047,20.459999084472656
2024-10-14,8252.7998046875,245.07000732421875,74.06063079833984,20439.05078125,2248.639892578125,5859.85009765625,91.26288604736328,19.700000762939453
2024-10-15,8318.400390625,245.9199981689453,74.04203796386719,20159.830078125,2249.820068359375,5815.259765625,91.73021697998047,20.639999389648438
2024-10-16,8284.7001953125,247.14999389648438,74.17227172851562,20174.05078125,2286.679931640625,5842.47021484375,91.873291015625,19.579999923706055
2024-10-17,8355.900390625,248.6300048828125,74.06063079833984,20190.419921875,2280.85009765625,5841.47021484375,91.39640808105469,19.110000610351562
2024-10-18,8283.2001953125,251.27000427246094,74.23738861083984,20324.0390625,2276.090087890625,5864.669921875,91.5013198852539,18.030000686645508
2024-10-21,8344.400390625,251.22000122070312,73.93970489501953,20361.470703125,2239.7099609375,5853.97998046875,90.7955551147461,18.3700008392334
2024-10-22,8205.7001953125,253.92999267578125,73.83736419677734,20390.4609375,2231.530029296875,5851.2001953125,90.709716796875,18.200000762939453
2024-10-23,8216.0,250.8699951171875,73.61408996582031,20066.9609375,2213.840087890625,5797.419921875,90.4999008178711,19.239999771118164
2024-10-24,8206.2998046875,252.8000030517578,73.82807159423828,20232.869140625,2218.919921875,5809.85986328125,90.7001724243164,19.079999923706055
2024-10-25,8211.2998046875,253.32000732421875,73.75363159179688,20352.01953125,2207.989990234375,5808.1201171875,90.4999008178711,20.329999923706055
2024-10-28,8221.5,253.3300018310547,73.93970489501953,20351.0703125,2244.070068359375,5823.52001953125,90.29008483886719,19.799999237060547
2024-10-29,8249.2001953125,256.0899963378906,73.95830535888672,20550.650390625,2238.090087890625,5832.919921875,90.32823181152344,19.34000015258789
2024-10-30,8180.39990234375,257.5,73.82807159423828,20387.69921875,2233.0400390625,5813.669921875,90.1947021484375,20.350000381469727
2024-10-31,8160.0,253.50999450683594,73.62340545654297,19890.419921875,2196.64990234375,5705.4501953125,90.1469955444336,23.15999984741211
2024-11-01,8118.7998046875,252.47000122070312,73.62808227539062,20033.140625,2210.1298828125,5728.7998046875,89.6131820678711,21.8799991607666
2024-11-04,8164.60009765625,252.8300018310547,73.8337631225586,19963.599609375,2219.030029296875,5712.68994140625,90.09154510498047,21.979999542236328
2024-11-05,8131.7998046875,253.39999389648438,74.03944396972656,20227.4609375,2260.840087890625,5782.759765625,90.13937377929688,20.489999771118164
2024-11-06,8199.5,245.6999969482422,74.17037200927734,20781.330078125,2392.919921875,5929.0400390625,89.21138000488281,16.270000457763672
2024-11-07,8285.599609375,249.64999389648438,74.48823547363281,21101.5703125,2382.68994140625,5973.10009765625,89.92888641357422,15.199999809265137
2024-11-08,8295.099609375,247.9600067138672,74.60977172851562,21117.1796875,2399.639892578125,5995.5400390625,90.12023162841797,14.9399995803833
2024-11-11,8266.2001953125,242.13999938964844,74.525634765625,21106.58984375,2434.97998046875,6001.35009765625,89.87149047851562,14.970000267028809
2024-11-12,8255.599609375,240.0500030517578,74.22645568847656,21070.7890625,2391.85009765625,5983.990234375,89.30705261230469,14.710000038146973
2024-11-13,8193.400390625,237.6300048828125,74.24515533447266,21036.16015625,2369.3701171875,5985.3798828125,89.24964141845703,14.020000457763672
2024-11-14,8224.0,237.00999450683594,74.0862045288086,20896.669921875,2336.93994140625,5949.169921875,89.24008178710938,14.3100004196167
2024-11-15,8285.2001953125,236.58999633789062,74.07686614990234,20394.130859375,2303.840087890625,5870.6201171875,89.2783432006836,16.139999389648438
2024-11-18,8300.2001953125,241.08999633789062,74.21710205078125,20539.189453125,2306.340087890625,5893.6201171875,89.479248046875,15.579999923706055
2024-11-19,8374.0,243.25,74.32929229736328,20684.58984375,2324.830078125,5916.97998046875,89.67058563232422,16.350000381469727
2024-11-20,8326.2998046875,244.6199951171875,74.31060028076172,20667.099609375,2325.530029296875,5917.10986328125,89.53665161132812,17.15999984741211
2024-11-21,8323.0,246.66000366210938,74.3386459350586,20740.779296875,2364.02001953125,5948.7099609375,89.48880767822266,16.8700008392334
2024-11-22,8393.7998046875,249.83999633789062,74.3199462890625,20776.23046875,2406.669921875,5969.33984375,89.54621887207031,15.239999771118164
2024-11-25,8417.599609375,242.47999572753906,74.6004409790039,20804.890625,2442.030029296875,5987.3701171875,90.51248931884766,14.600000381469727
2024-11-26,8359.400390625,242.9499969482422,74.46019744873047,20922.900390625,2424.31005859375,6021.6298828125,90.32115173339844,14.100000381469727
2024-11-27,8406.7001953125,243.49000549316406,74.68458557128906,20744.490234375,2426.18994140625,5998.740234375,90.6846694946289,14.100000381469727
2024-11-28,8444.2998046875,,,,,,,
2024-11-29,8436.2001953125,245.58999633789062,74.83418273925781,20930.369140625,2434.72998046875,6032.3798828125,91.06734466552734,13.510000228881836
2024-12-02,8447.900390625,243.44000244140625,74.80694580078125,21164.599609375,2434.139892578125,6047.14990234375,91.05967712402344,13.34000015258789
2024-12-03,8495.2001953125,243.92999267578125,74.80694580078125,21229.3203125,2416.35009765625,6049.8798828125,90.80058288574219,13.300000190734863
2024-12-04,8462.599609375,244.6699981689453,74.98538970947266,21492.359375,2426.56005859375,6086.490234375,91.14604949951172,13.449999809265137
2024-12-05,8474.900390625,242.86000061035156,74.91963195800781,21425.220703125,2396.169921875,6075.10986328125,91.1364517211914,13.539999961853027
2024-12-06,8420.900390625,242.9499969482422,75.041748046875,21622.25,2408.989990234375,6090.27001953125,91.42434692382812,12.770000457763672
2024-12-09,8423.0,245.36000061035156,74.94781494140625,21440.8203125,2392.840087890625,6052.85009765625,91.10768127441406,14.1899995803833
2024-12-10,8393.0,248.58999633789062,74.98538970947266,21368.1796875,2382.77001953125,6034.91015625,90.94451904296875,14.180000305175781
2024-12-11,8353.599609375,250.9600067138672,75.00416564941406,21763.98046875,2394.159912109375,6084.18994140625,90.67582702636719,13.579999923706055
2024-12-12,8330.2998046875,247.27999877929688,74.79754638671875,21615.26953125,2361.080078125,6051.25,90.33035278320312,13.920000076293945
2024-12-13,8296.0,244.2899932861328,74.58153533935547,21780.25,2346.89990234375,6051.08984375,89.90812683105469,13.8100004196167
2024-12-16,8249.5,244.8800048828125,74.72240447998047,22096.66015625,2361.989990234375,6074.080078125,89.9369125366211,14.6899995803833
2024-12-17,8314.0,243.94000244140625,74.562744140625,22001.080078125,2334.080078125,6050.60986328125,89.9369125366211,15.869999885559082
2024-12-18,8309.400390625,239.25999450683594,73.79711151123047,21209.3203125,2231.510009765625,5872.16015625,89.24177551269531,27.6200008392334
2024-12-19,8168.2001953125,239.60000610351562,73.72158813476562,21110.509765625,2221.5,5867.080078125,88.8373794555664,24.09000015258789
2024-12-20,8067.0,242.10000610351562,74.18417358398438,21289.150390625,2242.3701171875,5930.85009765625,89.16474151611328,18.360000610351562
2024-12-23,8201.599609375,240.9600067138672,73.98593139648438,21503.169921875,2237.43994140625,5974.06982421875,88.76998901367188,16.780000686645508
2024-12-24,8220.900390625,241.44000244140625,74.22196197509766,21797.650390625,2259.85009765625,6040.0400390625,88.81813049316406,14.270000457763672
2024-12-26,,243.07000732421875,74.41075897216797,21768.310546875,2280.18994140625,6037.58984375,88.8855209350586,14.729999542236328
2024-12-27,8261.7998046875,241.39999389648438,74.1558609008789,21473.01953125,2244.590087890625,5970.83984375,88.65445709228516,15.949999809265137
2024-12-30,8235.0,240.6300048828125,74.25971221923828,21197.08984375,2227.780029296875,5906.93994140625,89.17436981201172,17.399999618530273
2024-12-31,8159.10009765625,242.1300048828125,74.2502670288086,21012.169921875,2230.159912109375,5881.6298828125,89.01069641113281,17.350000381469727
2025-01-02,8201.2001953125,245.4199981689453,74.42962646484375,20975.619140625,2231.669921875,5868.5498046875,89.058837890625,17.93000030517578
2025-01-03,8250.5,243.49000549316406,74.54293060302734,21326.16015625,2268.469970703125,5942.47021484375,88.9144058227539,16.1299991607666
2025-01-06,8288.5,243.19000244140625,74.67507934570312,21559.5,2266.64990234375,5975.3798828125,88.82776641845703,16.040000915527344
2025-01-07,8285.099609375,244.55999755859375,74.42962646484375,21173.0390625,2249.800048828125,5909.02978515625,88.42338562011719,17.81999969482422
2025-01-08,8349.099609375,245.86000061035156,74.52403259277344,21180.970703125,2238.9599609375,5918.25,88.57743072509766,17.700000762939453
2025-01-09,8329.2001953125,,,,,,,
2025-01-10,8294.099609375,248.2100067138672,74.136962890625,20847.580078125,2189.22998046875,5827.0400390625,87.932373046875,19.540000915527344
2025-01-13,8191.89990234375,245.74000549316406,74.11809539794922,20784.720703125,2194.39990234375,5836.22021484375,87.77830505371094,19.190000534057617
2025-01-14,8231.0,247.02999877929688,74.21250915527344,20757.41015625,2219.239990234375,5842.91015625,87.80718994140625,18.709999084472656
2025-01-15,8213.2998046875,248.8800048828125,74.86389923095703,21237.849609375,2263.2900390625,5949.91015625,88.73149108886719,16.1200008392334
2025-01-16,8327.0,250.60000610351562,74.9488754272461,21091.25,2266.7900390625,5937.33984375,88.94330596923828,16.600000381469727
2025-01-17,8310.400390625,249.27000427246094,75.01495361328125,21441.16015625,2275.8798828125,5996.66015625,89.01069641113281,15.970000267028809
2025-01-20,8402.0,,,,,,,
2025-01-21,8420.2998046875,253.1300048828125,75.21320343017578,21566.509765625,2317.969970703125,6049.240234375,89.30917358398438,15.0600004196167
2025-01-22,8429.7998046875,254.42999267578125,75.1093521118164,21853.0,2303.719970703125,6086.3701171875,89.07808685302734,15.100000381469727
2025-01-23,8378.7001953125,254.07000732421875,75.20376586914062,21900.9296875,2314.60009765625,6118.7099609375,88.84701538085938,15.020000457763672
2025-01-24,8408.900390625,255.64999389648438,75.28872680664062,21774.009765625,2307.739990234375,6101.240234375,89.02995300292969,14.850000381469727
2025-01-27,,252.99000549316406,75.34537506103516,21127.279296875,2284.02001953125,6012.27978515625,89.60763549804688,17.899999618530273
2025-01-28,8399.099609375,255.17999267578125,75.31706237792969,21463.0390625,2288.860107421875,6067.7001953125,89.61725616455078,16.40999984741211
2025-01-29,8447.0,254.1999969482422,75.26985931396484,21411.4609375,2283.10009765625,6039.31005859375,89.5113525390625,16.559999465942383
2025-01-30,8550.099609375,258.04998779296875,75.41145324707031,21508.119140625,2307.449951171875,6071.169921875,89.70391082763672,15.84000015258789
2025-01-31,8532.2998046875,258.55999755859375,75.26040649414062,21478.05078125,2287.68994140625,6040.52978515625,89.55948638916016,16.43000030517578
2025-02-03,8379.400390625,259.94000244140625,75.16558074951172,21297.580078125,2258.419921875,5994.56982421875,89.62325286865234,18.6200008392334
2025-02-04,8374.0,262.5,75.40265655517578,21566.919921875,2290.2099609375,6037.8798828125,89.84538269042969,17.209999084472656
2025-02-05,8416.900390625,264.1300048828125,75.60181427001953,21658.16015625,2316.22998046875,6061.47998046875,90.36695861816406,15.770000457763672
2025-02-06,8520.7001953125,263.42999267578125,75.48800659179688,21774.0703125,2307.1201171875,6083.56982421875,90.26071166992188,15.5
2025-02-07,8511.400390625,263.8999938964844,75.25093078613281,21491.310546875,2279.7099609375,6025.990234375,89.9612808227539,16.540000915527344
2025-02-10,8482.7998046875,268.3699951171875,75.40265655517578,21756.73046875,2287.93994140625,6066.43994140625,89.94198608398438,15.8100004196167
2025-02-11,8484.0,267.3900146484375,75.37420654296875,21693.51953125,2275.699951171875,6068.5,89.71015930175781,16.020000457763672
2025-02-12,8535.2998046875,267.6700134277344,75.2129898071289,21719.259765625,2255.889892578125,6051.97021484375,89.09201049804688,15.890000343322754
2025-02-13,8540.0,270.30999755859375,75.55439758300781,22030.7109375,2282.179931640625,6115.06982421875,89.75846099853516,15.100000381469727
2025-02-14,8555.7998046875,266.2900085449219,75.63973999023438,22114.689453125,2279.97998046875,6114.6298828125,90.13514709472656,14.770000457763672
2025-02-17,8505.7998046875,,,,,,,
2025-02-18,8481.0,270.70001220703125,75.57335662841797,22164.609375,2290.35009765625,6129.580078125,89.65220642089844,15.350000381469727
2025-02-19,8419.2001953125,270.8500061035156,75.63025665283203,22175.599609375,2282.4599609375,6144.14990234375,89.7970962524414,15.270000457763672
2025-02-20,8322.7998046875,270.989990234375,75.67769622802734,22068.060546875,2261.739990234375,6117.52001953125,89.98062133789062,15.65999984741211
2025-02-21,8296.2001953125,270.739990234375,75.53543853759766,21614.080078125,2195.35009765625,6013.1298828125,90.5118408203125,18.209999084472656
2025-02-24,8308.2001953125,272.2099914550781,75.63025665283203,21352.080078125,2178.27001953125,5983.25,90.70501708984375,18.979999542236328
2025-02-25,8251.900390625,268.6199951171875,75.8199234008789,21087.25,2170.080078125,5955.25,91.41974639892578,19.43000030517578
2025-02-26,8240.7001953125,269.0299987792969,75.92424774169922,21132.919921875,2174.169921875,5956.06005859375,91.67088317871094,19.100000381469727
2025-02-27,8268.2001953125,264.92999267578125,75.7820053100586,20550.94921875,2139.659912109375,5861.56982421875,91.56465148925781,21.1299991607666
2025-02-28,8172.39990234375,263.2699890136719,75.99061584472656,20884.41015625,2163.070068359375,5954.5,92.06689453125,19.6299991607666
2025-03-03,8245.7001953125,266.739990234375,75.83246612548828,20425.580078125,2102.239990234375,5849.72021484375,92.40108489990234,22.780000686645508
2025-03-04,8198.099609375,269.05999755859375,75.82293701171875,20352.529296875,2079.530029296875,5778.14990234375,92.1104965209961,23.510000228881836
2025-03-05,8141.10009765625,269.6199951171875,75.86105346679688,20628.4609375,2100.75,5842.6298828125,91.59710693359375,21.93000030517578
2025-03-06,8094.7001953125,268.25,75.57521057128906,20052.630859375,2066.550048828125,5738.52001953125,91.54866790771484,24.8700008392334
2025-03-07,7948.2001953125,268.3900146484375,75.69908142089844,20201.369140625,2075.47998046875,5770.2001953125,91.43242645263672,23.3700008392334
2025-03-10,7962.2998046875,266.0400085449219,75.4132308959961,19430.94921875,2019.0699462890625,5614.56005859375,92.07173919677734,27.860000610351562
2025-03-11,7890.10009765625,269.1600036621094,75.14645385742188,19376.9609375,2023.5899658203125,5572.06982421875,91.74238586425781,26.920000076293945
2025-03-12,7786.2001953125,270.3299865722656,75.23221588134766,19596.01953125,2026.469970703125,5599.2998046875,91.47116088867188,24.229999542236328
2025-03-13,7749.10009765625,275.1300048828125,74.81297302246094,19225.48046875,1993.68994140625,5521.52001953125,91.83926391601562,24.65999984741211
2025-03-14,7789.7001953125,275.239990234375,75.1559829711914,19704.640625,2044.0999755859375,5638.93994140625,91.51958465576172,21.770000457763672
2025-03-17,7854.10009765625,276.7300109863281,75.33702087402344,19812.240234375,2068.330078125,5675.1201171875,91.59710693359375,20.510000228881836
2025-03-18,7860.39990234375,279.9599914550781,75.20362854003906,19483.359375,2049.93994140625,5614.66015625,91.70365142822266,21.700000762939453
2025-03-19,7828.2998046875,281.1099853515625,75.69908142089844,19736.66015625,2082.080078125,5675.2900390625,91.98455810546875,19.899999618530273
2025-03-20,7918.89990234375,280.75,75.59426879882812,19677.609375,2068.6298828125,5662.89013671875,92.12017059326172,19.799999237060547
2025-03-21,7931.2001953125,278.489990234375,75.47994232177734,19753.970703125,2056.97998046875,5667.56005859375,92.04267120361328,19.280000686645508
2025-03-24,7936.89990234375,277.25,75.69908142089844,20180.44921875,2109.3798828125,5767.56982421875,91.50990295410156,17.479999542236328
2025-03-25,7942.5,278.4700012207031,75.66096496582031,20287.830078125,2095.3798828125,5776.64990234375,91.6648941040039,17.149999618530273
2025-03-26,7999.0,278.239990234375,75.35607147216797,19916.990234375,2073.830078125,5712.2001953125,91.45179748535156,18.329999923706055
2025-03-27,7969.0,281.9700012207031,75.21315002441406,19798.619140625,2065.699951171875,5693.31005859375,91.37430572509766,18.690000534057617
2025-03-28,7982.0,284.05999755859375,75.07976531982422,19281.400390625,2023.27001953125,5580.93994140625,92.1104965209961,21.649999618530273
2025-03-31,7843.39990234375,288.1400146484375,75.1655044555664,19278.44921875,2011.9100341796875,5611.85009765625,92.38170623779297,22.280000686645508
2025-04-01,7925.2001953125,287.57000732421875,75.33977508544922,19436.419921875,2012.239990234375,5633.06982421875,92.7062759399414,21.770000457763672
2025-04-02,7934.5,288.1600036621094,75.49295043945312,19581.779296875,2045.3599853515625,5670.97021484375,92.61882019042969,21.510000228881836
2025-04-03,7859.7001953125,286.4200134277344,74.55469512939453,18521.470703125,1910.550048828125,5396.52001953125,93.57115936279297,30.020000457763672
2025-04-04,7667.7998046875,279.7200012207031,73.49193572998047,17397.69921875,1827.030029296875,5074.080078125,93.83352661132812,45.310001373291016
2025-04-07,7343.2998046875,273.7099914550781,72.86003112792969,17430.6796875,1810.1400146484375,5062.25,92.71599578857422,46.97999954223633
2025-04-08,7510.0,275.20001220703125,72.52494049072266,17090.400390625,1760.7099609375,4982.77001953125,92.24955749511719,52.33000183105469
2025-04-09,7375.0,285.3800048828125,74.46851348876953,19145.060546875,1913.1600341796875,5456.89990234375,91.95802307128906,33.619998931884766
2025-04-10,7709.60009765625,292.3500061035156,73.25257873535156,18343.5703125,1831.3900146484375,5268.0498046875,91.38467407226562,40.720001220703125
2025-04-11,7646.5,297.92999267578125,73.47279357910156,18690.05078125,1860.199951171875,5363.35986328125,90.86965942382812,37.560001373291016
2025-04-14,7748.60009765625,296.2300109863281,73.83660888671875,18796.01953125,1880.8800048828125,5405.97021484375,91.59846496582031,30.889999389648438
2025-04-15,7761.7001953125,297.7799987792969,74.03766632080078,18830.23046875,1882.9200439453125,5396.6298828125,91.87055969238281,30.1200008392334
2025-04-16,7758.89990234375,307.4700012207031,74.02809143066406,18257.640625,1863.47998046875,5275.7001953125,92.26898193359375,32.63999938964844
2025-04-17,7819.10009765625,306.1199951171875,74.45892333984375,18258.08984375,1880.6199951171875,5282.7001953125,92.00660705566406,29.649999618530273
2025-04-21,,315.5899963378906,74.01850891113281,17808.30078125,1840.3199462890625,5158.2001953125,91.51101684570312,33.81999969482422
2025-04-22,7816.7001953125,311.1099853515625,74.30574035644531,18276.41015625,1890.280029296875,5287.759765625,91.57903289794922,30.56999969482422
2025-04-23,7920.5,303.6499938964844,74.67913818359375,18693.259765625,1919.1400146484375,5375.85986328125,91.67621612548828,28.450000762939453
2025-04-24,7968.2001953125,308.07000732421875,75.34933471679688,19214.400390625,1957.5899658203125,5484.77001953125,92.17181396484375,26.469999313354492
2025-04-25,,304.7300109863281,75.41636657714844,19432.560546875,1957.6199951171875,5525.2099609375,92.52165222167969,24.84000015258789
2025-04-28,7997.10009765625,309.07000732421875,75.45465087890625,19427.2890625,1965.550048828125,5528.75,92.89090728759766,25.149999618530273
2025-04-29,8070.60009765625,306.05999755859375,75.65570831298828,19544.94921875,1976.52001953125,5560.830078125,93.21159362792969,24.170000076293945
2025-04-30,8126.2001953125,303.7699890136719,75.25359344482422,19571.01953125,1964.1199951171875,5569.06005859375,93.35736846923828,24.700000762939453
2025-05-01,8145.60009765625,297.4599914550781,75.35079956054688,19786.7109375,1975.8599853515625,5604.14013671875,92.95082092285156,24.600000381469727
2025-05-02,8238.0,297.9800109863281,75.58175659179688,20102.609375,2020.739990234375,5686.669921875,92.32685089111328,22.68000030517578
2025-05-05,8157.7998046875,306.8800048828125,75.55288696289062,19967.939453125,2004.260009765625,5650.3798828125,92.1611099243164,23.639999389648438
2025-05-06,8151.39990234375,315.4800109863281,75.49514770507812,19791.349609375,1983.18994140625,5606.91015625,92.39509582519531,24.760000228881836
2025-05-07,8178.2998046875,310.75,75.56250762939453,19867.970703125,1989.6600341796875,5631.27978515625,92.63882446289062,23.549999237060547
2025-05-08,8191.7001953125,304.6300048828125,75.54326629638672,20063.560546875,2026.4100341796875,5663.93994140625,91.91737365722656,22.479999542236328
2025-05-09,8231.2001953125,306.8399963378906,75.59138488769531,20061.44921875,2023.0699462890625,5659.91015625,91.9856185913086,21.899999618530273
2025-05-12,8233.5,298.19000244140625,76.34199523925781,20868.150390625,2092.199951171875,5844.18994140625,91.40065002441406,18.389999389648438
2025-05-13,8269.0,299.4599914550781,76.47673034667969,21197.69921875,2102.35009765625,5886.5498046875,91.33241271972656,18.219999313354492
2025-05-14,8279.599609375,293.1600036621094,76.19766235351562,21319.2109375,2083.800048828125,5892.580078125,90.99118041992188,18.6200008392334
2025-05-15,8297.5,297.8399963378906,76.34199523925781,21335.8203125,2094.68994140625,5916.93017578125,91.58589935302734,17.829999923706055
2025-05-16,8343.7001953125,294.239990234375,76.4286117553711,21427.939453125,2113.25,5958.3798828125,91.61515045166016,17.239999771118164
2025-05-19,8295.099609375,298.0299987792969,76.39012145996094,21447.05078125,2104.429931640625,5963.60009765625,91.56640625,18.139999389648438
2025-05-20,8343.2998046875,303.5799865722656,76.35161590576172,21367.369140625,2105.580078125,5940.4599609375,91.44940185546875,18.09000015258789
2025-05-21,8386.7998046875,305.82000732421875,75.84158325195312,21080.359375,2046.56005859375,5844.60986328125,90.81570434570312,20.8700008392334
2025-05-22,8348.7001953125,303.1099853515625,75.99555206298828,21112.470703125,2045.56005859375,5842.009765625,91.15692901611328,20.280000686645508
2025-05-23,8360.900390625,309.75,75.97630310058594,20915.66015625,2039.8499755859375,5802.81982421875,91.42015838623047,22.290000915527344
2025-05-26,8361.0,,,,,,,
2025-05-27,8407.599609375,304.5,76.43824005126953,21414.990234375,2090.39990234375,5921.5400390625,91.80038452148438,18.959999084472656
2025-05-28,8396.900390625,303.80999755859375,76.39012145996094,21318.169921875,2067.800048828125,5888.5498046875,91.54690551757812,19.309999465942383
2025-05-29,8409.7998046875,305.6099853515625,76.50559997558594,21363.94921875,2074.780029296875,5912.169921875,91.92713165283203,19.18000030517578
2025-05-30,8434.7001953125,303.6000061035156,76.57296752929688,21340.990234375,2066.2900390625,5911.68994140625,92.20011138916016,18.56999969482422
2025-06-02,8414.099609375,311.6700134277344,76.55943298339844,21491.75,2070.159912109375,5935.93994140625,91.8871078491211,18.360000610351562
2025-06-03,8466.7001953125,308.9100036621094,76.70445251464844,21662.580078125,2102.97998046875,5970.3701171875,91.79907989501953,17.690000534057617
2025-06-04,8541.7998046875,310.8999938964844,76.84950256347656,21721.919921875,2098.47998046875,5970.81005859375,92.47399139404297,17.610000610351562
2025-06-05,8538.900390625,309.3299865722656,76.68510437011719,21547.4296875,2097.35009765625,5939.2998046875,92.20010375976562,18.479999542236328
2025-06-06,8515.7001953125,305.17999267578125,76.67545318603516,21761.7890625,2132.25,6000.35986328125,91.46650695800781,16.770000457763672
2025-06-09,,306.6199951171875,76.71411895751953,21797.869140625,2144.449951171875,6005.8798828125,91.63278198242188,17.15999984741211
2025-06-10,8587.2001953125,306.7099914550781,76.89784240722656,21941.919921875,2156.409912109375,6038.81005859375,91.78929138183594,16.950000762939453
2025-06-11,8592.099609375,308.3699951171875,76.87850952148438,21860.80078125,2148.22998046875,6022.240234375,92.1707763671875,17.260000228881836
2025-06-12,8565.099609375,312.20001220703125,76.96551513671875,21913.3203125,2140.090087890625,6045.259765625,92.57181549072266,18.020000457763672
2025-06-13,8547.400390625,316.2900085449219,76.73345947265625,21631.0390625,2100.510009765625,5976.97021484375,92.22946166992188,20.81999969482422
2025-06-16,8548.400390625,311.7799987792969,76.88817596435547,21937.5703125,2124.1298828125,6033.10986328125,91.96534729003906,19.110000610351562
2025-06-17,8541.2998046875,311.94000244140625,76.8011474609375,21719.080078125,2101.9599609375,5982.72021484375,92.41529083251953,21.600000381469727
2025-06-18,8531.2001953125,310.260009765625,76.91719055175781,21719.689453125,2112.9599609375,5980.8701171875,92.47399139404297,20.139999389648438
2025-06-19,8523.7001953125,,,,,,,
2025-06-20,8505.5,310.1300048828125,77.15888977050781,21626.390625,2109.27001953125,5967.83984375,92.53268432617188,20.6200008392334
2025-06-23,8474.900390625,311.0799865722656,77.30393981933594,21856.330078125,2132.679931640625,6025.169921875,92.85547637939453,19.829999923706055
2025-06-24,8555.5,306.19000244140625,77.51666259765625,22190.51953125,2161.2099609375,6092.18017578125,93.17826080322266,17.479999542236328
2025-06-25,8559.2001953125,307.1199951171875,77.49732208251953,22237.740234375,2136.179931640625,6092.16015625,93.21739196777344,16.760000228881836
2025-06-26,8550.7998046875,306.7799987792969,77.7197036743164,22447.2890625,2172.110107421875,6141.02001953125,93.5499496459961,16.59000015258789
2025-06-27,8514.2001953125,301.2200012207031,77.6810302734375,22534.19921875,2172.530029296875,6173.06982421875,93.305419921875,16.31999969482422
2025-06-30,8542.2998046875,304.8299865722656,77.98078155517578,22679.009765625,2175.0400390625,6204.9501953125,93.67711639404297,16.729999542236328
2025-07-01,8541.099609375,307.54998779296875,77.88265228271484,22478.130859375,2197.5400390625,6198.009765625,93.50342559814453,16.829999923706055
2025-07-02,8597.7001953125,309.25,78.02836608886719,22641.890625,2226.3798828125,6227.419921875,93.30717468261719,16.639999389648438
2025-07-03,8595.7998046875,307.1400146484375,78.07694244384766,22866.970703125,2249.0400390625,6279.35009765625,92.98336791992188,16.3799991607666
2025-07-04,8603.0,,,,,,,
2025-07-07,8589.2998046875,307.3699951171875,77.81465148925781,22685.5703125,2214.22998046875,6229.97998046875,92.68899536132812,17.790000915527344
2025-07-08,8590.7001953125,304.1600036621094,77.7077865600586,22702.25,2228.739990234375,6225.52001953125,92.55162048339844,16.809999465942383
2025-07-09,8538.599609375,305.5199890136719,77.92150115966797,22864.91015625,2252.489990234375,6263.259765625,93.03243255615234,15.9399995803833
2025-07-10,8589.2001953125,306.20001220703125,77.84378814697266,22829.259765625,2263.409912109375,6280.4599609375,92.98336791992188,15.779999732971191
2025-07-11,8580.099609375,309.1400146484375,77.74664306640625,22780.599609375,2234.830078125,6259.75,92.55162048339844,16.399999618530273
2025-07-14,8570.400390625,308.010009765625,77.80492401123047,22855.630859375,2249.72998046875,6268.56005859375,92.51235961914062,17.200000762939453
2025-07-15,8630.2998046875,306.7300109863281,77.57176208496094,22884.58984375,2205.050048828125,6243.759765625,92.14929962158203,17.3799991607666
2025-07-16,8561.7998046875,308.260009765625,77.77578735351562,22907.970703125,2226.989990234375,6263.7001953125,92.40443420410156,17.15999984741211
2025-07-17,8639.0,307.5899963378906,77.85350036621094,23081.05078125,2253.679931640625,6297.35986328125,92.37499237060547,16.520000457763672
2025-07-18,8757.2001953125,308.3900146484375,77.96036529541016,23065.470703125,2240.010009765625,6296.7900390625,92.63011932373047,16.40999984741211
2025-07-21,8668.2001953125,313.1300048828125,78.06723022460938,23180.060546875,2231.1298828125,6305.60009765625,92.95393371582031,16.649999618530273
2025-07-22,8677.2001953125,316.1000061035156,78.20323944091797,23063.580078125,2248.760009765625,6309.6201171875,93.21886444091797,16.5
2025-07-23,8737.2001953125,312.17999267578125,78.24209594726562,23162.41015625,2283.1298828125,6358.91015625,92.88524627685547,15.369999885559082
2025-07-24,8709.400390625,310.2699890136719,78.14495086669922,23219.869140625,2252.1298828125,6363.35009765625,92.74787139892578,15.390000343322754
2025-07-25,8666.900390625,307.3999938964844,78.19352722167969,23272.25,2261.070068359375,6388.64013671875,92.96372985839844,14.930000305175781
2025-07-28,8697.7001953125,305.4100036621094,78.1546630859375,23356.26953125,2256.72998046875,6389.77001953125,92.7576675415039,15.029999732971191
2025-07-29,8704.599609375,306.25,78.20323944091797,23308.30078125,2242.9599609375,6370.85986328125,93.36605834960938,15.979999542236328
2025-07-30,8756.400390625,300.9599914550781,78.0380859375,23345.41015625,2232.39990234375,6362.89990234375,93.04224395751953,15.479999542236328
2025-07-31,8742.7998046875,302.9599914550781,78.08665466308594,23218.119140625,2211.64990234375,6339.39013671875,93.12074279785156,16.719999313354492
2025-08-01,8662.0,309.1099853515625,78.09056854248047,22763.310546875,2166.780029296875,6238.009765625,94.19281768798828,20.3799991607666
2025-08-04,8663.7001953125,310.9100036621094,78.35418701171875,23188.609375,2212.300048828125,6329.93994140625,94.32080078125,17.520000457763672
2025-08-05,8770.400390625,311.1600036621094,78.31512451171875,23018.560546875,2225.669921875,6299.18994140625,94.25188446044922,17.850000381469727
2025-08-06,8843.7001953125,310.5,78.39323425292969,23315.0390625,2221.2900390625,6345.06005859375,94.18297576904297,16.770000457763672
2025-08-07,8831.400390625,313.1199951171875,78.31512451171875,23389.529296875,2214.719970703125,6340.0,94.11405944824219,16.56999969482422
2025-08-08,8807.099609375,313.04998779296875,78.32489776611328,23611.26953125,2218.419921875,6389.4501953125,93.89746856689453,15.149999618530273
2025-08-11,8844.7998046875,308.54998779296875,78.32489776611328,23526.630859375,2216.510009765625,6373.4501953125,93.92701721191406,16.25
2025-08-12,8880.7998046875,308.2699890136719,78.50064086914062,23839.19921875,2282.780029296875,6445.759765625,93.90731811523438,14.729999542236328
2025-08-13,8827.099609375,309.2099914550781,78.7056884765625,23849.0390625,2328.06005859375,6466.580078125,94.2420425415039,14.489999771118164
2025-08-14,8873.7998046875,307.25,78.50064086914062,23832.439453125,2299.080078125,6468.5400390625,93.93685913085938,14.829999923706055
2025-08-15,8938.599609375,307.42999267578125,78.55921936035156,23712.0703125,2286.52001953125,6449.7998046875,93.74981689453125,15.09000015258789
2025-08-18,8959.2998046875,306.95001220703125,78.50064086914062,23713.759765625,2294.469970703125,6449.14990234375,93.66121673583984,14.989999771118164
2025-08-19,8896.2001953125,305.2699890136719,78.48110961914062,23384.76953125,2276.610107421875,6411.3701171875,93.89746856689453,15.569999694824219
2025-08-20,8918.0,308.3599853515625,78.45182037353516,23249.5703125,2269.35009765625,6395.77978515625,94.03530883789062,15.6899995803833
2025-08-21,9019.099609375,307.2900085449219,78.30536651611328,23142.580078125,2274.10009765625,6370.169921875,93.75965118408203,16.600000381469727
2025-08-22,8967.400390625,310.5799865722656,78.94001007080078,23498.119140625,2361.949951171875,6466.91015625,94.28141784667969,14.220000267028809
2025-08-25,8972.400390625,309.8299865722656,78.7837905883789,23425.609375,2339.169921875,6439.31982421875,94.09437561035156,14.789999961853027
2025-08-26,8935.599609375,312.0799865722656,78.95954895019531,23525.2890625,2358.60009765625,6465.93994140625,94.34049224853516,14.619999885559082
2025-08-27,8960.5,312.7099914550781,79.05716705322266,23565.849609375,2373.800048828125,6481.39990234375,94.51769256591797,14.850000381469727
2025-08-28,8980.0,315.0299987792969,79.09622955322266,23703.44921875,2378.409912109375,6501.85986328125,94.7342758178711,14.430000305175781
2025-08-29,8973.099609375,318.07000732421875,78.94977569580078,23415.419921875,2366.419921875,6460.259765625,94.65550994873047,15.359999656677246
2025-09-01,8927.7001953125,,,,,,,
2025-09-02,8900.599609375,325.5899963378906,78.86443328857422,23231.109375,2352.2099609375,6415.5400390625,94.37303924560547,17.170000076293945
2025-09-03,8738.7998046875,328.1400146484375,79.08025360107422,23414.83984375,2349.969970703125,6448.259765625,94.698974609375,16.350000381469727
2025-09-04,8826.5,326.69000244140625,79.29608154296875,23633.009765625,2379.610107421875,6502.080078125,95.12367248535156,15.300000190734863
2025-09-05,8871.2001953125,331.04998779296875,79.3353271484375,23652.439453125,2391.050048828125,6481.5,95.58787536621094,15.180000305175781
2025-09-08,8849.599609375,334.82000732421875,79.3353271484375,23762.30078125,2394.889892578125,6495.14990234375,95.88418579101562,15.109999656677246
2025-09-09,8803.5,334.05999755859375,79.24702453613281,23839.80078125,2381.820068359375,6512.60986328125,95.65702056884766,15.039999961853027
2025-09-10,8830.400390625,335.260009765625,79.30587768554688,23849.26953125,2378.010009765625,6532.0400390625,95.913818359375,15.350000381469727
2025-09-11,8805.0,334.760009765625,79.50209045410156,23992.560546875,2421.530029296875,6587.47021484375,96.06197357177734,14.710000038146973
2025-09-12,8864.900390625,335.4200134277344,79.4236068725586,24092.189453125,2397.06005859375,6584.2900390625,95.7854232788086,14.760000228881836
2025-09-15,8853.0,338.9100036621094,79.64925384521484,24293.779296875,2405.1298828125,6615.27978515625,95.94345092773438,15.6899995803833
2025-09-16,8877.7001953125,339.5899963378906,79.59037780761719,24274.25,2403.030029296875,6606.759765625,96.00271606445312,16.360000610351562
2025-09-17,8818.5,336.9700012207031,79.51190185546875,24223.689453125,2407.340087890625,6600.35009765625,95.79529571533203,15.720000267028809
2025-09-18,8745.2001953125,335.6199951171875,79.68848419189453,24454.890625,2467.699951171875,6631.9599609375,95.47924041748047,15.699999809265137
2025-09-19,8773.5,339.17999267578125,79.7179183959961,24626.25,2448.77001953125,6664.35986328125,95.43972778320312,15.449999809265137
2025-09-22,8810.900390625,345.04998779296875,79.77678680419922,24761.0703125,2463.340087890625,6693.75,95.28170013427734,16.100000381469727
2025-09-23,8845.900390625,346.4599914550781,79.7179183959961,24580.169921875,2457.510009765625,6656.919921875,95.54837799072266,16.639999389648438
2025-09-24,8764.5,343.32000732421875,79.6100082397461,24503.5703125,2434.97998046875,6637.97021484375,95.29157257080078,16.18000030517578
2025-09-25,8773.0,344.75,79.38436126708984,24397.310546875,2411.0400390625,6604.72021484375,95.08416748046875,16.739999771118164
2025-09-26,8787.7001953125,346.739990234375,79.54133605957031,24503.849609375,2434.320068359375,6643.7001953125,95.0347900390625,15.289999961853027
2025-09-29,8862.7998046875,352.4599914550781,79.67868041992188,24611.349609375,2435.25,6661.2099609375,95.31134033203125,16.1200008392334
2025-09-30,8848.7998046875,355.4700012207031,79.64925384521484,24679.990234375,2436.47998046875,6688.4599609375,95.27182006835938,16.280000686645508
2025-10-01,8845.7001953125,356.0299987792969,79.7980728149414,24800.859375,2442.35009765625,6711.2001953125,95.59281158447266,16.290000915527344
2025-10-02,8945.900390625,354.7900085449219,79.76850891113281,24892.759765625,2458.489990234375,6715.35009765625,95.69187927246094,16.6299991607666
2025-10-03,8987.400390625,357.6400146484375,79.6797866821289,24785.51953125,2476.179931640625,6715.7900390625,95.50364685058594,16.649999618530273
2025-10-06,8981.400390625,364.3800048828125,79.69950866699219,24978.560546875,2486.35009765625,6740.27978515625,95.22625732421875,16.3700008392334
2025-10-07,8956.7998046875,366.260009765625,79.61080169677734,24840.23046875,2458.419921875,6714.58984375,95.46401977539062,17.239999771118164
2025-10-08,8947.599609375,372.29998779296875,79.49252319335938,25136.619140625,2483.989990234375,6753.72021484375,95.48383331298828,16.299999237060547
2025-10-09,8969.7998046875,365.42999267578125,79.26582336425781,25098.1796875,2468.85009765625,6735.10986328125,95.41448211669922,16.43000030517578
2025-10-10,8958.2998046875,369.1199951171875,78.80257415771484,24221.740234375,2394.590087890625,6552.509765625,96.0089111328125,21.65999984741211
2025-10-13,8882.7998046875,378.0899963378906,79.29540252685547,24750.25,2461.419921875,6654.72021484375,96.05844116210938,19.030000686645508
2025-10-14,8899.400390625,380.7900085449219,79.38410186767578,24579.3203125,2495.5,6644.31005859375,96.30612182617188,20.809999465942383
2025-10-15,8990.900390625,387.3900146484375,79.64037322998047,24745.359375,2519.75,6671.06005859375,96.19713592529297,20.639999389648438
2025-10-16,9068.400390625,396.45001220703125,79.35453033447266,24657.240234375,2467.02001953125,6629.06982421875,96.64295959472656,25.309999465942383
2025-10-17,8995.2998046875,388.989990234375,79.5615234375,24817.94921875,2452.169921875,6664.009765625,96.48444366455078,20.780000686645508
2025-10-20,9031.900390625,403.1499938964844,79.71922302246094,25141.01953125,2499.909912109375,6735.1298828125,96.61323547363281,18.229999542236328
2025-10-21,9094.7001953125,377.239990234375,79.60094451904297,25127.130859375,2487.68994140625,6735.35009765625,96.79156494140625,17.8700008392334
2025-10-22,9030.0,377.2799987792969,79.52208709716797,24879.009765625,2451.550048828125,6699.39990234375,96.8113784790039,18.600000381469727
2025-10-23,9032.7998046875,378.7900085449219,79.69950866699219,25097.41015625,2482.659912109375,6738.43994140625,96.49435424804688,17.299999237060547
2025-10-24,9019.0,377.5199890136719,79.9163589477539,25358.16015625,2513.469970703125,6791.68994140625,96.58351135253906,16.3700008392334
2025-10-27,9055.599609375,367.010009765625,80.11347961425781,25821.55078125,2520.43994140625,6875.16015625,96.58351135253906,15.789999961853027
2025-10-28,9012.5,364.3800048828125,80.03462982177734,26012.150390625,2506.64990234375,6890.89013671875,96.67268371582031,16.420000076293945
2025-10-29,8926.2001953125,363.0,79.78821563720703,26119.849609375,2484.81005859375,6890.58984375,96.04853057861328,16.920000076293945
2025-10-30,8885.5,370.1300048828125,79.64037322998047,25734.810546875,2465.949951171875,6822.33984375,95.90984344482422,16.90999984741211
2025-10-31,8881.900390625,368.1199951171875,79.64037322998047,25858.130859375,2479.3798828125,6840.2001953125,95.949462890625,17.440000534057617
2025-11-03,8894.7998046875,368.7799987792969,79.3927001953125,25972.939453125,2471.239990234375,6851.97021484375,95.90375518798828,17.170000076293945
2025-11-04,8813.7001953125,362.32000732421875,79.4026107788086,25435.69921875,2427.340087890625,6771.5498046875,96.02301025390625,19.0
2025-11-05,8802.0,366.510009765625,79.48187255859375,25620.029296875,2464.780029296875,6796.2900390625,95.56585693359375,18.010000228881836
2025-11-06,8831.7998046875,366.07000732421875,79.51158905029297,25130.0390625,2418.820068359375,6720.31982421875,96.0528335571289,19.5
2025-11-07,8769.7001953125,368.30999755859375,79.5809326171875,25059.810546875,2432.820068359375,6728.7998046875,96.09258270263672,19.079999923706055
2025-11-10,8830.900390625,378.3800048828125,79.8484115600586,25611.740234375,2455.64990234375,6832.43017578125,95.96337890625,17.600000381469727
2025-11-11,8818.7998046875,379.8699951171875,79.93757629394531,25533.490234375,2458.280029296875,6846.60986328125,96.26152801513672,17.280000686645508
2025-11-12,8799.5,385.989990234375,79.77906799316406,25517.330078125,2450.800048828125,6850.919921875,96.28140258789062,17.510000228881836
2025-11-13,8753.400390625,382.8699951171875,79.45214080810547,24993.4609375,2382.97998046875,6737.490234375,96.00313568115234,20.0
2025-11-14,8634.5,375.9599914550781,79.47196197509766,25008.240234375,2388.22998046875,6734.10986328125,95.84412384033203,19.829999923706055
2025-11-17,8636.400390625,371.6499938964844,79.3431625366211,24799.919921875,2341.3798828125,6672.41015625,95.95344543457031,22.3799991607666
2025-11-18,8469.099609375,374.3500061035156,79.36298370361328,24503.099609375,2348.739990234375,6617.31982421875,96.1124496459961,24.690000534057617
2025-11-19,8447.900390625,374.9599914550781,79.4026107788086,24640.51953125,2347.889892578125,6642.16015625,96.04288482666016,23.65999984741211
2025-11-20,8552.7001953125,374.8500061035156,79.35307312011719,24054.380859375,2305.110107421875,6538.759765625,96.27146911621094,26.420000076293945
2025-11-21,8416.5,374.2699890136719,79.62055969238281,24239.5703125,2369.590087890625,6602.990234375,96.58949279785156,23.43000030517578
2025-11-24,8525.099609375,380.20001220703125,79.8385009765625,24873.849609375,2414.280029296875,6705.1201171875,96.73855590820312,20.520000457763672
2025-11-25,8537.0,380.0799865722656,80.11589813232422,25018.359375,2465.97998046875,6765.8798828125,96.98701477050781,18.559999465942383
2025-11-26,8606.5,383.1199951171875,80.19514465332031,25236.939453125,2486.1201171875,6812.60986328125,97.0665283203125,17.190000534057617
2025-11-27,8619.2001953125,,,,,,,
2025-11-28,8614.099609375,387.8800048828125,80.23477935791016,25434.890625,2500.429931640625,6849.08984375,96.89757537841797,16.350000381469727
2025-12-01,8565.2001953125,389.75,80.09046173095703,25342.849609375,2469.1298828125,6812.6298828125,96.37726593017578,17.239999771118164
2025-12-02,8579.7001953125,387.239990234375,80.23975372314453,25555.859375,2464.97998046875,6829.3701171875,96.45700073242188,16.59000015258789
2025-12-03,8595.2001953125,386.8800048828125,80.3094253540039,25606.5390625,2512.139892578125,6849.72021484375,96.65635681152344,16.079999923706055
2025-12-04,8618.400390625,387.1300048828125,80.369140625,25581.69921875,2531.159912109375,6857.1201171875,96.3573226928711,15.779999732971191
2025-12-05,8634.599609375,386.44000244140625,80.369140625,25692.05078125,2521.47998046875,6870.39990234375,96.15797424316406,15.40999984741211
2025-12-08,8624.400390625,385.4200134277344,80.17008972167969,25627.94921875,2520.97998046875,6846.509765625,95.9586181640625,16.65999984741211
2025-12-09,8585.900390625,387.3999938964844,80.08050537109375,25668.689453125,2526.239990234375,6840.509765625,95.8190689086914,16.93000030517578
2025-12-10,8579.400390625,389.04998779296875,80.34923553466797,25776.439453125,2559.610107421875,6886.68017578125,96.1280746459961,15.770000457763672
2025-12-11,8592.0,393.239990234375,80.33928680419922,25686.689453125,2590.610107421875,6901.0,96.13803100585938,14.850000381469727
2025-12-12,8697.2998046875,395.44000244140625,80.18998718261719,25196.73046875,2551.4599609375,6827.41015625,95.8788833618164,15.739999771118164
2025-12-15,8635.0,395.79998779296875,80.22980499267578,25067.26953125,2530.669921875,6816.509765625,95.9586181640625,16.5
2025-12-16,8598.900390625,395.8900146484375,80.27957153320312,25132.939453125,2519.300048828125,6800.259765625,96.22774505615234,16.479999542236328
2025-12-17,8585.2001953125,399.2900085449219,80.18003845214844,24647.609375,2492.300048828125,6721.43017578125,96.20780944824219,17.6200008392334
2025-12-18,8588.2001953125,398.57000732421875,80.39900207519531,25019.369140625,2507.8701171875,6774.759765625,96.45700073242188,16.8700008392334
2025-12-19,8621.400390625,399.0199890136719,80.36000061035156,25346.1796875,2529.429931640625,6834.5,96.23999786376953,14.90999984741211
2025-12-22,8699.900390625,408.2300109863281,80.43000030517578,25461.69921875,2558.780029296875,6878.490234375,96.13999938964844,14.079999923706055
2025-12-23,8795.7001953125,413.6400146484375,80.48999786376953,25587.830078125,2541.1201171875,6909.7900390625,96.0999984741211,14.0
2025-12-24,8762.7001953125,411.92999267578125,80.63999938964844,25656.150390625,2548.080078125,6932.0498046875,96.3499984741211,13.470000267028809
2025-12-26,,416.739990234375,80.5999984741211,25644.390625,2534.35009765625,6929.93994140625,96.44000244140625,13.600000381469727
2025-12-29,8725.7001953125,398.6000061035156,80.62999725341797,25525.560546875,2519.800048828125,6905.740234375,96.58000183105469,14.199999809265137
2025-12-30,8717.099609375,398.8900146484375,80.70999908447266,25462.560546875,2500.590087890625,6896.240234375,96.4800033569336,14.329999923706055
2025-12-31,8714.2998046875,396.30999755859375,80.62999725341797,25249.849609375,2481.909912109375,6845.5,96.16000366210938,14.949999809265137
2026-01-02,8727.7998046875,398.2799987792969,80.66999816894531,25206.169921875,2508.219970703125,6858.47021484375,96.08000183105469,14.510000228881836
2026-01-05,8728.599609375,408.760009765625,80.87999725341797,25401.3203125,2547.919921875,6902.0498046875,96.37000274658203,14.899999618530273
2026-01-06,8714.599609375,413.17999267578125,80.9000015258789,25639.7109375,2582.89990234375,6944.81982421875,96.30000305175781,14.75
2026-01-07,8695.599609375,,,,,,,
